BUG-002,后端 (Storage/API),白模库列表接口卡死 (白模库加载中),"1. 打开系统前端主页
2. 查看左侧 Workspace 面板
预期：显示白模列表
实际：一直显示白模库加载中，接口返回空或报错",致命 (Fatal),P0,测试同学,开发同学,测试同学,待分配 (To Do),2026-08-14,,后端缺少 storage/files/white-models 目录及 manifest.json,
BUG-004,前端 (React/UI),白模列表缩略图缺失 (首字母代替),"1. 打开系统前端主页
2. 查看左侧白模列表
预期：每个模型显示缩略图
实际：只显示了模型名称的首字母（如 Breads 1 显示为 B）",一般 (Minor),P2,测试同学,数据准备同学,测试同学,待分配 (To Do),2026-08-14,,后端和前端逻辑均正常（有降级首字母展示机制）。但模型源目录（如 bakery）中只有 .obj 文件，缺乏配套的缩略图文件,
BUG-005,后端 (FastAPI),系统重启导致白模清单被还原,"1. 生成缩略图后重启后端系统
2. 再次打开前端
预期：显示缩略图
实际：缩略图消失，被回退到首字母",严重 (Major),P1,AI,后端同学,AI,已解决 (Done),2026-08-14,2026-08-14,fix_white_models.py 重启时无脑覆盖了 manifest.json。已修复脚本，使其动态检查是否有配套的 .jpg 并写入清单。,
