source_row_id,source_part,software,source_native_tool,atomic_tool_function,source_operation_family,family_id,family_cn,macro_group,interaction_mode,mapping_basis,official_source_id,official_source_url,mapping_confidence,ambiguity_note,original_geometry_level,original_geometry_effect,original_operation_semantics
S001,1,Blender,添加网格,添加网格,基础体创建,F01,基础体实例化,生成与构造,Selection + operator,从参数化模板实例化几何；主要效果：生成标准初始体,B01,https://docs.blender.org/manual/en/latest/modeling/meshes/primitives.html,High,,对象 / 体积,添加立方体、球体、圆柱、平面、圆环、圆锥等起始形体。,形态部件——>geometry primitive——>语义基元？
S002,1,Maya,多边形基础体,多边形基础体,基础体创建,F01,基础体实例化,生成与构造,Selection + operator,从参数化模板实例化几何；主要效果：生成标准初始体,M01,https://help.autodesk.com/cloudhelp/ENU/MayaCRE-Modeling/files/GUID-C8EC81A1-46B2-498C-A759-7DC304D8B687.htm,High,,对象 / 体积,添加立方体、球体、圆柱、平面、圆环、圆锥等起始形体。,形态部件——>geometry primitive——>语义基元？
S003,1,3ds Max,标准基础体,标准基础体,基础体创建,F01,基础体实例化,生成与构造,Selection + operator,从参数化模板实例化几何；主要效果：生成标准初始体,A03,https://help.autodesk.com/cloudhelp/2026/ENU/3DSMax-Modeling/files/GUID-2B2647E7-4874-4E33-AC5A-B4684BD5E77A.htm,High,,对象 / 体积,添加立方体、球体、圆柱、平面、圆环、圆锥等起始形体。,形态部件——>geometry primitive——>语义基元？
S004,1,Cinema 4D,基础对象,基础对象,基础体创建,F01,基础体实例化,生成与构造,Selection + operator,从参数化模板实例化几何；主要效果：生成标准初始体,C03,https://help.maxon.net/c4d/en-us/Content/html/5166.html?TocPath=Coordinates%7CGenerators%7C_____0,High,,对象 / 体积,添加立方体、球体、圆柱、平面、圆环、圆锥等起始形体。,形态部件——>geometry primitive——>语义基元？
S005,1,ZBrush,工具基础体,工具基础体,基础体创建,F01,基础体实例化,生成与构造,Selection + operator,从参数化模板实例化几何；主要效果：生成标准初始体,Z01,https://help.maxon.net/zbr/en-us/Content/html/reference-guide/brush/brush-types/brush-types.html,High,,对象 / 体积,添加立方体、球体、圆柱、平面、圆环、圆锥等起始形体。,形态部件——>geometry primitive——>语义基元？
S006,1,Nomad Sculpt,添加形状,添加形状,基础体创建,F01,基础体实例化,生成与构造,Selection + operator,从参数化模板实例化几何；主要效果：生成标准初始体,N04,https://nomadsculpt.com/manual/scene,High,,对象 / 体积,添加立方体、球体、圆柱、平面、圆环、圆锥等起始形体。,形态部件——>geometry primitive——>语义基元？
S007,1,Houdini,Box/Sphere/Grid SOP,Box/Sphere/Grid SOP,基础体创建,F01,基础体实例化,生成与构造,Selection + operator,从参数化模板实例化几何；主要效果：生成标准初始体,H02,https://www.sidefx.com/docs/houdini/nodes/sop/index.html,High,,对象 / 体积,添加立方体、球体、圆柱、平面、圆环、圆锥等起始形体。,形态部件——>geometry primitive——>语义基元？
S008,1,Blender,贝塞尔曲线,贝塞尔曲线,曲线 / 样条绘制,F02,曲线与路径创建,生成与构造,Selection + operator,放置控制点或绘制路径；主要效果：生成可编辑曲线,B02,https://docs.blender.org/manual/en/4.0/modeling/meshes/editing/index.html,High,,曲线 / 线,创建导向曲线、路径、管状结构或轮廓线。,线段绘制（其实ai也能代替了）只是调用不同的模型
S009,1,Maya,CV/EP 曲线工具,CV/EP 曲线工具,曲线 / 样条绘制,F02,曲线与路径创建,生成与构造,Selection + operator,放置控制点或绘制路径；主要效果：生成可编辑曲线,M01,https://help.autodesk.com/cloudhelp/ENU/MayaCRE-Modeling/files/GUID-C8EC81A1-46B2-498C-A759-7DC304D8B687.htm,High,,曲线 / 线,创建导向曲线、路径、管状结构或轮廓线。,线段绘制（其实ai也能代替了）只是调用不同的模型
S010,1,3ds Max,线 / 样条,线 / 样条,曲线 / 样条绘制,F02,曲线与路径创建,生成与构造,Selection + operator,放置控制点或绘制路径；主要效果：生成可编辑曲线,A01,https://help.autodesk.com/view/MAXDEV/2024/ENU/?guid=GUID-B40F84EA-5F19-45B6-AA7C-0ADC77708BBE,High,,曲线 / 线,创建导向曲线、路径、管状结构或轮廓线。,线段绘制（其实ai也能代替了）只是调用不同的模型
S011,1,Cinema 4D,样条画笔,样条画笔,曲线 / 样条绘制,F02,曲线与路径创建,生成与构造,Selection + operator,放置控制点或绘制路径；主要效果：生成可编辑曲线,C03,https://help.maxon.net/c4d/en-us/Content/html/5166.html?TocPath=Coordinates%7CGenerators%7C_____0,High,,曲线 / 线,创建导向曲线、路径、管状结构或轮廓线。,线段绘制（其实ai也能代替了）只是调用不同的模型
S012,1,ZBrush,曲线笔刷,曲线笔刷,曲线 / 样条绘制,F27,沿路径扫掠,截面生成,Operator/parameter,截面沿一条路径传输；主要效果：形成管、条带或扫掠体,Z01,https://help.maxon.net/zbr/en-us/Content/html/reference-guide/brush/brush-types/brush-types.html,High,该工具沿曲线路径直接生成管状几何，不是仅创建可编辑曲线。,曲线 / 线,创建导向曲线、路径、管状结构或轮廓线。,线段绘制（其实ai也能代替了）只是调用不同的模型
S013,1,Nomad Sculpt,管状曲线,管状曲线,曲线 / 样条绘制,F27,沿路径扫掠,截面生成,Operator/parameter,截面沿一条路径传输；主要效果：形成管、条带或扫掠体,N01,https://nomadsculpt.com/manual/tools,High,该工具沿曲线路径直接生成管状几何，不是仅创建可编辑曲线。,曲线 / 线,创建导向曲线、路径、管状结构或轮廓线。,线段绘制（其实ai也能代替了）只是调用不同的模型
S014,1,Houdini,Curve SOP,Curve SOP,曲线 / 样条绘制,F02,曲线与路径创建,生成与构造,Selection + operator,放置控制点或绘制路径；主要效果：生成可编辑曲线,H09,https://www.sidefx.com/docs/houdini/nodes/sop/curve.html,High,,曲线 / 线,创建导向曲线、路径、管状结构或轮廓线。,线段绘制（其实ai也能代替了）只是调用不同的模型
S015,1,Blender,移动/旋转/缩放、变换操纵器,移动/旋转/缩放、变换操纵器,组件变换,F03,仿射变换,变换与布局,Direct manipulation,平移、旋转、缩放矩阵；主要效果：改变位置、朝向或尺度,B02,https://docs.blender.org/manual/en/4.0/modeling/meshes/editing/index.html,High,,点 / 边 / 面 / 对象,移动、旋转或缩放选中的组件或对象。,空间定位
S016,1,Maya,移动/旋转/缩放工具,移动/旋转/缩放工具,组件变换,F03,仿射变换,变换与布局,Direct manipulation,平移、旋转、缩放矩阵；主要效果：改变位置、朝向或尺度,M01,https://help.autodesk.com/cloudhelp/ENU/MayaCRE-Modeling/files/GUID-C8EC81A1-46B2-498C-A759-7DC304D8B687.htm,High,,点 / 边 / 面 / 对象,移动、旋转或缩放选中的组件或对象。,空间定位
S017,1,3ds Max,选择并移动/旋转/缩放,选择并移动/旋转/缩放,组件变换,F03,仿射变换,变换与布局,Direct manipulation,平移、旋转、缩放矩阵；主要效果：改变位置、朝向或尺度,A01,https://help.autodesk.com/view/MAXDEV/2024/ENU/?guid=GUID-B40F84EA-5F19-45B6-AA7C-0ADC77708BBE,High,,点 / 边 / 面 / 对象,移动、旋转或缩放选中的组件或对象。,空间定位
S018,1,Cinema 4D,移动/缩放/旋转,移动/缩放/旋转,组件变换,F03,仿射变换,变换与布局,Direct manipulation,平移、旋转、缩放矩阵；主要效果：改变位置、朝向或尺度,C03,https://help.maxon.net/c4d/en-us/Content/html/5166.html?TocPath=Coordinates%7CGenerators%7C_____0,High,,点 / 边 / 面 / 对象,移动、旋转或缩放选中的组件或对象。,空间定位
S019,1,ZBrush,Gizmo 3D,Gizmo 3D,组件变换,F03,仿射变换,变换与布局,Direct manipulation,平移、旋转、缩放矩阵；主要效果：改变位置、朝向或尺度,Z01,https://help.maxon.net/zbr/en-us/Content/html/reference-guide/brush/brush-types/brush-types.html,High,,点 / 边 / 面 / 对象,移动、旋转或缩放选中的组件或对象。,空间定位
S020,1,Nomad Sculpt,Gizmo,Gizmo,组件变换,F03,仿射变换,变换与布局,Direct manipulation,平移、旋转、缩放矩阵；主要效果：改变位置、朝向或尺度,N01,https://nomadsculpt.com/manual/tools,High,,点 / 边 / 面 / 对象,移动、旋转或缩放选中的组件或对象。,空间定位
S021,1,Houdini,Edit/Transform SOP,Edit/Transform SOP,组件变换,F03,仿射变换,变换与布局,Direct manipulation,平移、旋转、缩放矩阵；主要效果：改变位置、朝向或尺度,H02,https://www.sidefx.com/docs/houdini/nodes/sop/index.html,High,,点 / 边 / 面 / 对象,移动、旋转或缩放选中的组件或对象。,空间定位
S022,1,Blender,吸附、轴向约束,吸附、轴向约束,吸附 / 对齐 / 约束,F04,吸附与轴向约束放置,变换与布局,Direct manipulation,将变换限制到网格、点、曲线或轴；主要效果：提高放置精度,B02,https://docs.blender.org/manual/en/4.0/modeling/meshes/editing/index.html,High,,点 / 边 / 面 / 对象,按网格、轴向、表面、法线或参考对象放置几何。,语义空间感知能力
S023,1,Maya,吸附到网格/点/曲线,吸附到网格/点/曲线,吸附 / 对齐 / 约束,F04,吸附与轴向约束放置,变换与布局,Direct manipulation,将变换限制到网格、点、曲线或轴；主要效果：提高放置精度,M01,https://help.autodesk.com/cloudhelp/ENU/MayaCRE-Modeling/files/GUID-C8EC81A1-46B2-498C-A759-7DC304D8B687.htm,High,,点 / 边 / 面 / 对象,按网格、轴向、表面、法线或参考对象放置几何。,语义空间感知能力
S024,1,3ds Max,吸附开关、对齐,吸附开关,吸附 / 对齐 / 约束,F04,吸附与轴向约束放置,变换与布局,Direct manipulation,将变换限制到网格、点、曲线或轴；主要效果：提高放置精度,A01,https://help.autodesk.com/view/MAXDEV/2024/ENU/?guid=GUID-B40F84EA-5F19-45B6-AA7C-0ADC77708BBE,High,,点 / 边 / 面 / 对象,按网格、轴向、表面、法线或参考对象放置几何。,语义空间感知能力
S024,2,3ds Max,吸附开关、对齐,对齐,吸附 / 对齐 / 约束,F05,对齐与包围盒匹配,变换与布局,Direct manipulation,依据轴、中心或包围盒求对齐变换；主要效果：匹配位置、中心或尺寸,A01,https://help.autodesk.com/view/MAXDEV/2024/ENU/?guid=GUID-B40F84EA-5F19-45B6-AA7C-0ADC77708BBE,High,,点 / 边 / 面 / 对象,按网格、轴向、表面、法线或参考对象放置几何。,语义空间感知能力
S025,1,Cinema 4D,吸附、轴心中心,吸附,吸附 / 对齐 / 约束,F04,吸附与轴向约束放置,变换与布局,Direct manipulation,将变换限制到网格、点、曲线或轴；主要效果：提高放置精度,C03,https://help.maxon.net/c4d/en-us/Content/html/5166.html?TocPath=Coordinates%7CGenerators%7C_____0,High,,点 / 边 / 面 / 对象,按网格、轴向、表面、法线或参考对象放置几何。,语义空间感知能力
S025,2,Cinema 4D,吸附、轴心中心,轴心中心,吸附 / 对齐 / 约束,F05,对齐与包围盒匹配,变换与布局,Direct manipulation,依据轴、中心或包围盒求对齐变换；主要效果：匹配位置、中心或尺寸,C03,https://help.maxon.net/c4d/en-us/Content/html/5166.html?TocPath=Coordinates%7CGenerators%7C_____0,High,,点 / 边 / 面 / 对象,按网格、轴向、表面、法线或参考对象放置几何。,语义空间感知能力
S026,1,ZBrush,Gizmo 对齐,Gizmo 对齐,吸附 / 对齐 / 约束,F05,对齐与包围盒匹配,变换与布局,Direct manipulation,依据轴、中心或包围盒求对齐变换；主要效果：匹配位置、中心或尺寸,Z01,https://help.maxon.net/zbr/en-us/Content/html/reference-guide/brush/brush-types/brush-types.html,High,,点 / 边 / 面 / 对象,按网格、轴向、表面、法线或参考对象放置几何。,语义空间感知能力
S027,1,Nomad Sculpt,吸附/Gizmo 对齐,吸附,吸附 / 对齐 / 约束,F04,吸附与轴向约束放置,变换与布局,Direct manipulation,将变换限制到网格、点、曲线或轴；主要效果：提高放置精度,N01,https://nomadsculpt.com/manual/tools,High,,点 / 边 / 面 / 对象,按网格、轴向、表面、法线或参考对象放置几何。,语义空间感知能力
S027,2,Nomad Sculpt,吸附/Gizmo 对齐,Gizmo 对齐,吸附 / 对齐 / 约束,F05,对齐与包围盒匹配,变换与布局,Direct manipulation,依据轴、中心或包围盒求对齐变换；主要效果：匹配位置、中心或尺寸,N01,https://nomadsculpt.com/manual/tools,High,,点 / 边 / 面 / 对象,按网格、轴向、表面、法线或参考对象放置几何。,语义空间感知能力
S028,1,Houdini,Match Size/Transform 约束,Match Size,吸附 / 对齐 / 约束,F05,对齐与包围盒匹配,变换与布局,Direct manipulation,依据轴、中心或包围盒求对齐变换；主要效果：匹配位置、中心或尺寸,H02,https://www.sidefx.com/docs/houdini/nodes/sop/index.html,High,,点 / 边 / 面 / 对象,按网格、轴向、表面、法线或参考对象放置几何。,语义空间感知能力
S028,2,Houdini,Match Size/Transform 约束,Transform 约束,吸附 / 对齐 / 约束,F04,吸附与轴向约束放置,变换与布局,Direct manipulation,将变换限制到网格、点、曲线或轴；主要效果：提高放置精度,H02,https://www.sidefx.com/docs/houdini/nodes/sop/index.html,High,,点 / 边 / 面 / 对象,按网格、轴向、表面、法线或参考对象放置几何。,语义空间感知能力
S029,1,Blender,区域挤出,区域挤出,挤出,F06,连通挤出,拓扑构造,Selection + operator,复制边界并连接侧壁；主要效果：沿方向或法线延伸体量,B02,https://docs.blender.org/manual/en/4.0/modeling/meshes/editing/index.html,High,,边 / 面 / 区域,把面、边或点拉出新的相连几何。,形态增减，更多也是感受上的，形态上的变化
S030,1,Maya,挤出,挤出,挤出,F06,连通挤出,拓扑构造,Selection + operator,复制边界并连接侧壁；主要效果：沿方向或法线延伸体量,M01,https://help.autodesk.com/cloudhelp/ENU/MayaCRE-Modeling/files/GUID-C8EC81A1-46B2-498C-A759-7DC304D8B687.htm,High,,边 / 面 / 区域,把面、边或点拉出新的相连几何。,形态增减，更多也是感受上的，形态上的变化
S031,1,3ds Max,可编辑多边形挤出,可编辑多边形挤出,挤出,F06,连通挤出,拓扑构造,Selection + operator,复制边界并连接侧壁；主要效果：沿方向或法线延伸体量,A01,https://help.autodesk.com/view/MAXDEV/2024/ENU/?guid=GUID-B40F84EA-5F19-45B6-AA7C-0ADC77708BBE,High,,边 / 面 / 区域,把面、边或点拉出新的相连几何。,形态增减，更多也是感受上的，形态上的变化
S032,1,Cinema 4D,挤出,挤出,挤出,F06,连通挤出,拓扑构造,Selection + operator,复制边界并连接侧壁；主要效果：沿方向或法线延伸体量,C01,https://help.maxon.net/c4d/en-us/Content/html/OEXTRUDE.html,High,,边 / 面 / 区域,把面、边或点拉出新的相连几何。,形态增减，更多也是感受上的，形态上的变化
S033,1,Houdini,PolyExtrude SOP,PolyExtrude SOP,挤出,F06,连通挤出,拓扑构造,Selection + operator,复制边界并连接侧壁；主要效果：沿方向或法线延伸体量,H02,https://www.sidefx.com/docs/houdini/nodes/sop/index.html,High,,边 / 面 / 区域,把面、边或点拉出新的相连几何。,形态增减，更多也是感受上的，形态上的变化
S034,1,Blender,内插面,内插面,内插 / 内缩,F07,面内缩与轮廓偏移,拓扑构造,Selection + operator,在面内生成偏移边界；主要效果：形成内嵌轮廓或边框,B02,https://docs.blender.org/manual/en/4.0/modeling/meshes/editing/index.html,High,,面 / 区域,在选中面内部生成一圈内边界。,需要定位点选，之后转换成语义即可
S035,1,Maya,挤出偏移流程,挤出偏移流程,内插 / 内缩,F07,面内缩与轮廓偏移,拓扑构造,Selection + operator,在面内生成偏移边界；主要效果：形成内嵌轮廓或边框,M01,https://help.autodesk.com/cloudhelp/ENU/MayaCRE-Modeling/files/GUID-C8EC81A1-46B2-498C-A759-7DC304D8B687.htm,High,,面 / 区域,在选中面内部生成一圈内边界。,需要定位点选，之后转换成语义即可
S036,1,3ds Max,内插,内插,内插 / 内缩,F07,面内缩与轮廓偏移,拓扑构造,Selection + operator,在面内生成偏移边界；主要效果：形成内嵌轮廓或边框,A01,https://help.autodesk.com/view/MAXDEV/2024/ENU/?guid=GUID-B40F84EA-5F19-45B6-AA7C-0ADC77708BBE,High,,面 / 区域,在选中面内部生成一圈内边界。,需要定位点选，之后转换成语义即可
S037,1,Cinema 4D,内部挤出,内部挤出,内插 / 内缩,F07,面内缩与轮廓偏移,拓扑构造,Selection + operator,在面内生成偏移边界；主要效果：形成内嵌轮廓或边框,C03,https://help.maxon.net/c4d/en-us/Content/html/5166.html?TocPath=Coordinates%7CGenerators%7C_____0,High,,面 / 区域,在选中面内部生成一圈内边界。,需要定位点选，之后转换成语义即可
S038,1,Houdini,PolyInset 工作流,PolyInset 工作流,内插 / 内缩,F07,面内缩与轮廓偏移,拓扑构造,Selection + operator,在面内生成偏移边界；主要效果：形成内嵌轮廓或边框,H02,https://www.sidefx.com/docs/houdini/nodes/sop/index.html,High,,面 / 区域,在选中面内部生成一圈内边界。,需要定位点选，之后转换成语义即可
S039,1,Blender,倒角,倒角,倒角 / 切角,F08,边角倒角与圆角,拓扑构造,Selection + operator,截去尖角并插入过渡面；主要效果：软化或切平边角,B02,https://docs.blender.org/manual/en/4.0/modeling/meshes/editing/index.html,High,,边 / 点,把锐利边或点替换成圆滑或平直过渡。,转换成语义即可
S040,1,Maya,倒角,倒角,倒角 / 切角,F08,边角倒角与圆角,拓扑构造,Selection + operator,截去尖角并插入过渡面；主要效果：软化或切平边角,M01,https://help.autodesk.com/cloudhelp/ENU/MayaCRE-Modeling/files/GUID-C8EC81A1-46B2-498C-A759-7DC304D8B687.htm,High,,边 / 点,把锐利边或点替换成圆滑或平直过渡。,转换成语义即可
S041,1,3ds Max,切角,切角,倒角 / 切角,F08,边角倒角与圆角,拓扑构造,Selection + operator,截去尖角并插入过渡面；主要效果：软化或切平边角,A02,https://help.autodesk.com/cloudhelp/2022/ENU/3DSMax-Modeling/files/GUID-2C16FF31-BF20-450F-8163-3362A7037603.htm,High,,边 / 点,把锐利边或点替换成圆滑或平直过渡。,转换成语义即可
S042,1,Cinema 4D,倒角,倒角,倒角 / 切角,F08,边角倒角与圆角,拓扑构造,Selection + operator,截去尖角并插入过渡面；主要效果：软化或切平边角,C03,https://help.maxon.net/c4d/en-us/Content/html/5166.html?TocPath=Coordinates%7CGenerators%7C_____0,High,,边 / 点,把锐利边或点替换成圆滑或平直过渡。,转换成语义即可
S043,1,Houdini,PolyBevel SOP,PolyBevel SOP,倒角 / 切角,F08,边角倒角与圆角,拓扑构造,Selection + operator,截去尖角并插入过渡面；主要效果：软化或切平边角,H03,https://www.sidefx.com/docs/houdini/nodes/sop/polybevel.html,High,,边 / 点,把锐利边或点替换成圆滑或平直过渡。,转换成语义即可
S044,1,Blender,环切,环切,环切 / 连接边,F09,边插入与环切,拓扑构造,Selection + operator,在现有面上插入连续边；主要效果：增加局部控制线,B02,https://docs.blender.org/manual/en/4.0/modeling/meshes/editing/index.html,High,,边 / 面拓扑,在现有面上添加边环或连接边。,转换成语义即可
S045,1,Maya,插入边环 / 多重切割,插入边环 / 多重切割,环切 / 连接边,F09,边插入与环切,拓扑构造,Selection + operator,在现有面上插入连续边；主要效果：增加局部控制线,M01,https://help.autodesk.com/cloudhelp/ENU/MayaCRE-Modeling/files/GUID-C8EC81A1-46B2-498C-A759-7DC304D8B687.htm,High,,边 / 面拓扑,在现有面上添加边环或连接边。,转换成语义即可
S046,1,3ds Max,快速环切 / 连接,快速环切 / 连接,环切 / 连接边,F09,边插入与环切,拓扑构造,Selection + operator,在现有面上插入连续边；主要效果：增加局部控制线,A02,https://help.autodesk.com/cloudhelp/2022/ENU/3DSMax-Modeling/files/GUID-2C16FF31-BF20-450F-8163-3362A7037603.htm,High,,边 / 面拓扑,在现有面上添加边环或连接边。,转换成语义即可
S047,1,Cinema 4D,环切/路径切割,环切/路径切割,环切 / 连接边,F09,边插入与环切,拓扑构造,Selection + operator,在现有面上插入连续边；主要效果：增加局部控制线,C02,https://help.maxon.net/c4d/en-us/Content/html/TOOLKNIFEPATH.html?TocPath=Mesh+Menu%7CPath%2FLoop+Cut%7C_____0,High,,边 / 面拓扑,在现有面上添加边环或连接边。,转换成语义即可
S048,1,Houdini,PolySplit,PolySplit,环切 / 连接边,F09,边插入与环切,拓扑构造,Selection + operator,在现有面上插入连续边；主要效果：增加局部控制线,H02,https://www.sidefx.com/docs/houdini/nodes/sop/index.html,High,,边 / 面拓扑,在现有面上添加边环或连接边。,转换成语义即可
S049,1,Blender,刀切 / 二分,刀切,刀切 / 切片 / 平面切割,F10,自由路径切割,拓扑构造,Direct manipulation,按用户路径在表面插入切线；主要效果：按路径分割表面,B02,https://docs.blender.org/manual/en/4.0/modeling/meshes/editing/index.html,High,,面 / 对象,用绘制或投射方式切开面、边或对象。,转换成语义即可，可以手势操作引导环切和封口
S049,2,Blender,刀切 / 二分,二分,刀切 / 切片 / 平面切割,F11,平面截切,拓扑构造,Selection + operator,用平面与几何求交并切分；主要效果：得到平整截面或两侧部分,B02,https://docs.blender.org/manual/en/4.0/modeling/meshes/editing/index.html,High,,面 / 对象,用绘制或投射方式切开面、边或对象。,转换成语义即可，可以手势操作引导环切和封口
S050,1,Maya,多重切割,多重切割,刀切 / 切片 / 平面切割,F10,自由路径切割,拓扑构造,Direct manipulation,按用户路径在表面插入切线；主要效果：按路径分割表面,M01,https://help.autodesk.com/cloudhelp/ENU/MayaCRE-Modeling/files/GUID-C8EC81A1-46B2-498C-A759-7DC304D8B687.htm,High,,面 / 对象,用绘制或投射方式切开面、边或对象。,转换成语义即可，可以手势操作引导环切和封口
S051,1,3ds Max,切割 / 切片平面,切割,刀切 / 切片 / 平面切割,F10,自由路径切割,拓扑构造,Direct manipulation,按用户路径在表面插入切线；主要效果：按路径分割表面,A01,https://help.autodesk.com/view/MAXDEV/2024/ENU/?guid=GUID-B40F84EA-5F19-45B6-AA7C-0ADC77708BBE,High,,面 / 对象,用绘制或投射方式切开面、边或对象。,转换成语义即可，可以手势操作引导环切和封口
S051,2,3ds Max,切割 / 切片平面,切片平面,刀切 / 切片 / 平面切割,F11,平面截切,拓扑构造,Selection + operator,用平面与几何求交并切分；主要效果：得到平整截面或两侧部分,A01,https://help.autodesk.com/view/MAXDEV/2024/ENU/?guid=GUID-B40F84EA-5F19-45B6-AA7C-0ADC77708BBE,High,,面 / 对象,用绘制或投射方式切开面、边或对象。,转换成语义即可，可以手势操作引导环切和封口
S052,1,Cinema 4D,刀切 / 线切割,刀切/线切割,刀切 / 切片 / 平面切割,F10,自由路径切割,拓扑构造,Direct manipulation,按用户路径在表面插入切线；主要效果：按路径分割表面,C02,https://help.maxon.net/c4d/en-us/Content/html/TOOLKNIFEPATH.html?TocPath=Mesh+Menu%7CPath%2FLoop+Cut%7C_____0,High,,面 / 对象,用绘制或投射方式切开面、边或对象。,转换成语义即可，可以手势操作引导环切和封口
S053,1,Houdini,Knife/Clip/PolyCut,Knife/PolyCut,刀切 / 切片 / 平面切割,F10,自由路径切割,拓扑构造,Direct manipulation,按用户路径在表面插入切线；主要效果：按路径分割表面,H02,https://www.sidefx.com/docs/houdini/nodes/sop/index.html,High,,面 / 对象,用绘制或投射方式切开面、边或对象。,转换成语义即可，可以手势操作引导环切和封口
S053,2,Houdini,Knife/Clip/PolyCut,Clip,刀切 / 切片 / 平面切割,F11,平面截切,拓扑构造,Selection + operator,用平面与几何求交并切分；主要效果：得到平整截面或两侧部分,H02,https://www.sidefx.com/docs/houdini/nodes/sop/index.html,High,,面 / 对象,用绘制或投射方式切开面、边或对象。,转换成语义即可，可以手势操作引导环切和封口
S054,1,Blender,桥接边环 / 网格填充,桥接边环,桥接 / 补面 / 封口,F12,边界桥接,拓扑构造,Selection + operator,在两个边界之间生成连接面带；主要效果：连接间隙,B02,https://docs.blender.org/manual/en/4.0/modeling/meshes/editing/index.html,High,,边环 / 洞 / 面,在边界之间生成面，或填补洞。,可以手势操作引导环切和封口
S054,2,Blender,桥接边环 / 网格填充,网格填充,桥接 / 补面 / 封口,F13,洞口填充与封口,拓扑构造,Selection + operator,依据边界生成填充面；主要效果：封闭洞口,B02,https://docs.blender.org/manual/en/4.0/modeling/meshes/editing/index.html,High,,边环 / 洞 / 面,在边界之间生成面，或填补洞。,可以手势操作引导环切和封口
S055,1,Maya,桥接 / 补洞,桥接,桥接 / 补面 / 封口,F12,边界桥接,拓扑构造,Selection + operator,在两个边界之间生成连接面带；主要效果：连接间隙,M01,https://help.autodesk.com/cloudhelp/ENU/MayaCRE-Modeling/files/GUID-C8EC81A1-46B2-498C-A759-7DC304D8B687.htm,High,,边环 / 洞 / 面,在边界之间生成面，或填补洞。,可以手势操作引导环切和封口
S055,2,Maya,桥接 / 补洞,补洞,桥接 / 补面 / 封口,F13,洞口填充与封口,拓扑构造,Selection + operator,依据边界生成填充面；主要效果：封闭洞口,M01,https://help.autodesk.com/cloudhelp/ENU/MayaCRE-Modeling/files/GUID-C8EC81A1-46B2-498C-A759-7DC304D8B687.htm,High,,边环 / 洞 / 面,在边界之间生成面，或填补洞。,可以手势操作引导环切和封口
S056,1,3ds Max,桥接 / 封口,桥接,桥接 / 补面 / 封口,F12,边界桥接,拓扑构造,Selection + operator,在两个边界之间生成连接面带；主要效果：连接间隙,A01,https://help.autodesk.com/view/MAXDEV/2024/ENU/?guid=GUID-B40F84EA-5F19-45B6-AA7C-0ADC77708BBE,High,,边环 / 洞 / 面,在边界之间生成面，或填补洞。,可以手势操作引导环切和封口
S056,2,3ds Max,桥接 / 封口,封口,桥接 / 补面 / 封口,F13,洞口填充与封口,拓扑构造,Selection + operator,依据边界生成填充面；主要效果：封闭洞口,A01,https://help.autodesk.com/view/MAXDEV/2024/ENU/?guid=GUID-B40F84EA-5F19-45B6-AA7C-0ADC77708BBE,High,,边环 / 洞 / 面,在边界之间生成面，或填补洞。,可以手势操作引导环切和封口
S057,1,Cinema 4D,桥接 / 关闭多边形洞,桥接,桥接 / 补面 / 封口,F12,边界桥接,拓扑构造,Selection + operator,在两个边界之间生成连接面带；主要效果：连接间隙,C03,https://help.maxon.net/c4d/en-us/Content/html/5166.html?TocPath=Coordinates%7CGenerators%7C_____0,High,,边环 / 洞 / 面,在边界之间生成面，或填补洞。,可以手势操作引导环切和封口
S057,2,Cinema 4D,桥接 / 关闭多边形洞,关闭多边形洞,桥接 / 补面 / 封口,F13,洞口填充与封口,拓扑构造,Selection + operator,依据边界生成填充面；主要效果：封闭洞口,C03,https://help.maxon.net/c4d/en-us/Content/html/5166.html?TocPath=Coordinates%7CGenerators%7C_____0,High,,边环 / 洞 / 面,在边界之间生成面，或填补洞。,可以手势操作引导环切和封口
S058,1,Houdini,PolyBridge/PolyFill,PolyBridge/PolyFill,桥接 / 补面 / 封口,F12,边界桥接,拓扑构造,Selection + operator,在两个边界之间生成连接面带；主要效果：连接间隙,H02,https://www.sidefx.com/docs/houdini/nodes/sop/index.html,High,,边环 / 洞 / 面,在边界之间生成面，或填补洞。,可以手势操作引导环切和封口
S058,2,Houdini,PolyBridge/PolyFill,Fill/Cap,桥接 / 补面 / 封口,F13,洞口填充与封口,拓扑构造,Selection + operator,依据边界生成填充面；主要效果：封闭洞口,H02,https://www.sidefx.com/docs/houdini/nodes/sop/index.html,High,,边环 / 洞 / 面,在边界之间生成面，或填补洞。,可以手势操作引导环切和封口
S059,1,Blender,合并 / 焊接 / 溶解,合并/焊接,合并 / 焊接 / 溶解,F14,合并与焊接,拓扑简化,Selection + operator,将多个元素合并为共享元素；主要效果：消除缝隙或重复点,B02,https://docs.blender.org/manual/en/4.0/modeling/meshes/editing/index.html,High,,点 / 边 / 拓扑,合并顶点/边，或移除冗余拓扑。,相当于减少渲染负载，在可以保证效果的基础上
S059,2,Blender,合并 / 焊接 / 溶解,溶解,合并 / 焊接 / 溶解,F15,溶解与冗余拓扑移除,拓扑简化,Selection + operator,移除元素并重建邻接关系；主要效果：简化不必要拓扑,B02,https://docs.blender.org/manual/en/4.0/modeling/meshes/editing/index.html,High,,点 / 边 / 拓扑,合并顶点/边，或移除冗余拓扑。,相当于减少渲染负载，在可以保证效果的基础上
S060,1,Maya,合并 / 目标焊接,合并/目标焊接,合并 / 焊接 / 溶解,F14,合并与焊接,拓扑简化,Selection + operator,将多个元素合并为共享元素；主要效果：消除缝隙或重复点,M01,https://help.autodesk.com/cloudhelp/ENU/MayaCRE-Modeling/files/GUID-C8EC81A1-46B2-498C-A759-7DC304D8B687.htm,High,,点 / 边 / 拓扑,合并顶点/边，或移除冗余拓扑。,相当于减少渲染负载，在可以保证效果的基础上
S061,1,3ds Max,焊接 / 移除,焊接,合并 / 焊接 / 溶解,F14,合并与焊接,拓扑简化,Selection + operator,将多个元素合并为共享元素；主要效果：消除缝隙或重复点,A01,https://help.autodesk.com/view/MAXDEV/2024/ENU/?guid=GUID-B40F84EA-5F19-45B6-AA7C-0ADC77708BBE,High,,点 / 边 / 拓扑,合并顶点/边，或移除冗余拓扑。,相当于减少渲染负载，在可以保证效果的基础上
S061,2,3ds Max,焊接 / 移除,移除,合并 / 焊接 / 溶解,F15,溶解与冗余拓扑移除,拓扑简化,Selection + operator,移除元素并重建邻接关系；主要效果：简化不必要拓扑,A01,https://help.autodesk.com/view/MAXDEV/2024/ENU/?guid=GUID-B40F84EA-5F19-45B6-AA7C-0ADC77708BBE,High,,点 / 边 / 拓扑,合并顶点/边，或移除冗余拓扑。,相当于减少渲染负载，在可以保证效果的基础上
S062,1,Cinema 4D,焊接 / 优化,焊接,合并 / 焊接 / 溶解,F14,合并与焊接,拓扑简化,Selection + operator,将多个元素合并为共享元素；主要效果：消除缝隙或重复点,C03,https://help.maxon.net/c4d/en-us/Content/html/5166.html?TocPath=Coordinates%7CGenerators%7C_____0,High,,点 / 边 / 拓扑,合并顶点/边，或移除冗余拓扑。,相当于减少渲染负载，在可以保证效果的基础上
S062,2,Cinema 4D,焊接 / 优化,优化,合并 / 焊接 / 溶解,F15,溶解与冗余拓扑移除,拓扑简化,Selection + operator,移除元素并重建邻接关系；主要效果：简化不必要拓扑,C03,https://help.maxon.net/c4d/en-us/Content/html/5166.html?TocPath=Coordinates%7CGenerators%7C_____0,Medium,Optimize 可能同时执行阈值焊接与冗余清理，需核对具体设置。,点 / 边 / 拓扑,合并顶点/边，或移除冗余拓扑。,相当于减少渲染负载，在可以保证效果的基础上
S063,1,Houdini,Fuse/Dissolve,Fuse,合并 / 焊接 / 溶解,F14,合并与焊接,拓扑简化,Selection + operator,将多个元素合并为共享元素；主要效果：消除缝隙或重复点,H02,https://www.sidefx.com/docs/houdini/nodes/sop/index.html,High,,点 / 边 / 拓扑,合并顶点/边，或移除冗余拓扑。,相当于减少渲染负载，在可以保证效果的基础上
S063,2,Houdini,Fuse/Dissolve,Dissolve,合并 / 焊接 / 溶解,F15,溶解与冗余拓扑移除,拓扑简化,Selection + operator,移除元素并重建邻接关系；主要效果：简化不必要拓扑,H04,https://www.sidefx.com/docs/houdini/nodes/sop/dissolve.html,High,,点 / 边 / 拓扑,合并顶点/边，或移除冗余拓扑。,相当于减少渲染负载，在可以保证效果的基础上
S064,1,Blender,细分 / 细分曲面 / 体素重构,细分/细分曲面,细分 / 平滑 / 重构网格,F16,细分曲面与分辨率细化,重建与分辨率,Operator/parameter,按细分规则增加采样并可平滑极限面；主要效果：提升分辨率/连续性,B02,https://docs.blender.org/manual/en/4.0/modeling/meshes/editing/index.html,High,,网格 / 拓扑密度,增加分辨率、做细分平滑，或重建网格拓扑。,相当于减少渲染负载，在可以保证效果的基础上
S064,2,Blender,细分 / 细分曲面 / 体素重构,体素重构,细分 / 平滑 / 重构网格,F17,体素或均匀重网格,重建与分辨率,Operator/parameter,重新采样并生成近均匀拓扑；主要效果：统一密度、合并碎片,B02,https://docs.blender.org/manual/en/4.0/modeling/meshes/editing/index.html,High,,网格 / 拓扑密度,增加分辨率、做细分平滑，或重建网格拓扑。,相当于减少渲染负载，在可以保证效果的基础上
S065,1,Maya,平滑 / 重构网格,平滑,细分 / 平滑 / 重构网格,F16,细分曲面与分辨率细化,重建与分辨率,Operator/parameter,按细分规则增加采样并可平滑极限面；主要效果：提升分辨率/连续性,M01,https://help.autodesk.com/cloudhelp/ENU/MayaCRE-Modeling/files/GUID-C8EC81A1-46B2-498C-A759-7DC304D8B687.htm,High,,网格 / 拓扑密度,增加分辨率、做细分平滑，或重建网格拓扑。,相当于减少渲染负载，在可以保证效果的基础上
S065,2,Maya,平滑 / 重构网格,重构网格,细分 / 平滑 / 重构网格,F18,重拓扑与四边形化,重建与分辨率,Operator/parameter,依据表面与流向重建面布局；主要效果：生成更适合编辑/动画的拓扑,M04,https://help.autodesk.com/cloudhelp/2025/ENU/Maya-Basics/files/GUID-EBF1E652-4DDD-423F-B42E-3BF85AE46A5D.htm,High,,网格 / 拓扑密度,增加分辨率、做细分平滑，或重建网格拓扑。,相当于减少渲染负载，在可以保证效果的基础上
S066,1,3ds Max,TurboSmooth,TurboSmooth,细分 / 平滑 / 重构网格,F16,细分曲面与分辨率细化,重建与分辨率,Operator/parameter,按细分规则增加采样并可平滑极限面；主要效果：提升分辨率/连续性,A04,https://help.autodesk.com/cloudhelp/2023/ENU/3DSMax-Modifiers/files/GUID-EA8FF838-B197-4565-9A85-71CE93DA4F68.htm,High,,网格 / 拓扑密度,增加分辨率、做细分平滑，或重建网格拓扑。,相当于减少渲染负载，在可以保证效果的基础上
S067,1,Cinema 4D,细分曲面,细分曲面,细分 / 平滑 / 重构网格,F16,细分曲面与分辨率细化,重建与分辨率,Operator/parameter,按细分规则增加采样并可平滑极限面；主要效果：提升分辨率/连续性,C03,https://help.maxon.net/c4d/en-us/Content/html/5166.html?TocPath=Coordinates%7CGenerators%7C_____0,High,,网格 / 拓扑密度,增加分辨率、做细分平滑，或重建网格拓扑。,相当于减少渲染负载，在可以保证效果的基础上
S068,1,ZBrush,Divide/Dynamesh/ZRemesher,Divide,细分 / 平滑 / 重构网格,F16,细分曲面与分辨率细化,重建与分辨率,Operator/parameter,按细分规则增加采样并可平滑极限面；主要效果：提升分辨率/连续性,Z02,https://help.maxon.net/zbr/en-us/Content/html/reference-guide/tool/polymesh/geometry/geometry.html,High,,网格 / 拓扑密度,增加分辨率、做细分平滑，或重建网格拓扑。,相当于减少渲染负载，在可以保证效果的基础上
S068,2,ZBrush,Divide/Dynamesh/ZRemesher,DynaMesh,细分 / 平滑 / 重构网格,F17,体素或均匀重网格,重建与分辨率,Operator/parameter,重新采样并生成近均匀拓扑；主要效果：统一密度、合并碎片,Z02,https://help.maxon.net/zbr/en-us/Content/html/reference-guide/tool/polymesh/geometry/geometry.html,High,,网格 / 拓扑密度,增加分辨率、做细分平滑，或重建网格拓扑。,相当于减少渲染负载，在可以保证效果的基础上
S068,3,ZBrush,Divide/Dynamesh/ZRemesher,ZRemesher,细分 / 平滑 / 重构网格,F18,重拓扑与四边形化,重建与分辨率,Operator/parameter,依据表面与流向重建面布局；主要效果：生成更适合编辑/动画的拓扑,Z03,https://help.maxon.net/zbr/en-us/Content/html/zbrushcore/reference-guide/tool/geometry/geometry.html,High,,网格 / 拓扑密度,增加分辨率、做细分平滑，或重建网格拓扑。,相当于减少渲染负载，在可以保证效果的基础上
S069,1,Nomad Sculpt,体素重构,体素重构,细分 / 平滑 / 重构网格,F17,体素或均匀重网格,重建与分辨率,Operator/parameter,重新采样并生成近均匀拓扑；主要效果：统一密度、合并碎片,N02,https://nomadsculpt.com/manual/topology,High,,网格 / 拓扑密度,增加分辨率、做细分平滑，或重建网格拓扑。,相当于减少渲染负载，在可以保证效果的基础上
S070,1,Houdini,Subdivide/Remesh,Subdivide,细分 / 平滑 / 重构网格,F16,细分曲面与分辨率细化,重建与分辨率,Operator/parameter,按细分规则增加采样并可平滑极限面；主要效果：提升分辨率/连续性,H02,https://www.sidefx.com/docs/houdini/nodes/sop/index.html,High,,网格 / 拓扑密度,增加分辨率、做细分平滑，或重建网格拓扑。,相当于减少渲染负载，在可以保证效果的基础上
S070,2,Houdini,Subdivide/Remesh,Remesh,细分 / 平滑 / 重构网格,F17,体素或均匀重网格,重建与分辨率,Operator/parameter,重新采样并生成近均匀拓扑；主要效果：统一密度、合并碎片,H02,https://www.sidefx.com/docs/houdini/nodes/sop/index.html,High,,网格 / 拓扑密度,增加分辨率、做细分平滑，或重建网格拓扑。,相当于减少渲染负载，在可以保证效果的基础上
S071,1,Blender,布尔修改器,布尔修改器,布尔运算,F19,布尔集合运算,实体组合,Operator/parameter,求并集、交集或差集；主要效果：组合或切除体量,B03,https://docs.blender.org/manual/en/2.83/modeling/modifiers/index.html,High,,对象 / 实体区域,计算几何之间的并集、差集或交集。,智能融合，把两个东西融合起来
S072,1,Maya,布尔,布尔,布尔运算,F19,布尔集合运算,实体组合,Operator/parameter,求并集、交集或差集；主要效果：组合或切除体量,M01,https://help.autodesk.com/cloudhelp/ENU/MayaCRE-Modeling/files/GUID-C8EC81A1-46B2-498C-A759-7DC304D8B687.htm,High,,对象 / 实体区域,计算几何之间的并集、差集或交集。,智能融合，把两个东西融合起来
S073,1,3ds Max,布尔 / ProBoolean,布尔 / ProBoolean,布尔运算,F19,布尔集合运算,实体组合,Operator/parameter,求并集、交集或差集；主要效果：组合或切除体量,A01,https://help.autodesk.com/view/MAXDEV/2024/ENU/?guid=GUID-B40F84EA-5F19-45B6-AA7C-0ADC77708BBE,High,,对象 / 实体区域,计算几何之间的并集、差集或交集。,智能融合，把两个东西融合起来
S074,1,Cinema 4D,Boole,Boole,布尔运算,F19,布尔集合运算,实体组合,Operator/parameter,求并集、交集或差集；主要效果：组合或切除体量,C03,https://help.maxon.net/c4d/en-us/Content/html/5166.html?TocPath=Coordinates%7CGenerators%7C_____0,High,,对象 / 实体区域,计算几何之间的并集、差集或交集。,智能融合，把两个东西融合起来
S075,1,ZBrush,Live Boolean,Live Boolean,布尔运算,F19,布尔集合运算,实体组合,Operator/parameter,求并集、交集或差集；主要效果：组合或切除体量,Z05,https://help.maxon.net/zbr/en-us/Content/html/user-guide/3d-modeling/modeling-basics/creating-meshes/live-boolean/live-boolean.html,High,,对象 / 实体区域,计算几何之间的并集、差集或交集。,智能融合，把两个东西融合起来
S076,1,Nomad Sculpt,布尔,布尔,布尔运算,F19,布尔集合运算,实体组合,Operator/parameter,求并集、交集或差集；主要效果：组合或切除体量,N01,https://nomadsculpt.com/manual/tools,High,,对象 / 实体区域,计算几何之间的并集、差集或交集。,智能融合，把两个东西融合起来
S077,1,Houdini,Boolean SOP,Boolean SOP,布尔运算,F19,布尔集合运算,实体组合,Operator/parameter,求并集、交集或差集；主要效果：组合或切除体量,H02,https://www.sidefx.com/docs/houdini/nodes/sop/index.html,High,,对象 / 实体区域,计算几何之间的并集、差集或交集。,智能融合，把两个东西融合起来
S078,1,Blender,实体化,实体化,实体化 /蒙皮等,F20,壳体与厚度生成,实体组合,Operator/parameter,沿法线偏移并连接边界形成厚度；主要效果：将薄面变为壳体/实体,B03,https://docs.blender.org/manual/en/2.83/modeling/modifiers/index.html,High,,表面 / 体积,给开放表面增加厚度或壳体体积。,布料模拟，皮肤模拟等
S079,1,Maya,挤出厚度,挤出厚度,实体化 /蒙皮等,F20,壳体与厚度生成,实体组合,Operator/parameter,沿法线偏移并连接边界形成厚度；主要效果：将薄面变为壳体/实体,M01,https://help.autodesk.com/cloudhelp/ENU/MayaCRE-Modeling/files/GUID-C8EC81A1-46B2-498C-A759-7DC304D8B687.htm,High,,表面 / 体积,给开放表面增加厚度或壳体体积。,布料模拟，皮肤模拟等
S080,1,3ds Max,壳修改器,壳修改器,实体化 /蒙皮等,F20,壳体与厚度生成,实体组合,Operator/parameter,沿法线偏移并连接边界形成厚度；主要效果：将薄面变为壳体/实体,A01,https://help.autodesk.com/view/MAXDEV/2024/ENU/?guid=GUID-B40F84EA-5F19-45B6-AA7C-0ADC77708BBE,High,,表面 / 体积,给开放表面增加厚度或壳体体积。,布料模拟，皮肤模拟等
S081,1,Cinema 4D,布料曲面厚度,布料曲面厚度,实体化 /蒙皮等,F20,壳体与厚度生成,实体组合,Operator/parameter,沿法线偏移并连接边界形成厚度；主要效果：将薄面变为壳体/实体,C03,https://help.maxon.net/c4d/en-us/Content/html/5166.html?TocPath=Coordinates%7CGenerators%7C_____0,High,,表面 / 体积,给开放表面增加厚度或壳体体积。,布料模拟，皮肤模拟等
S082,1,ZBrush,Panel Loops/Extract,Panel Loops/Extract,实体化 /蒙皮等,F20,壳体与厚度生成,实体组合,Operator/parameter,沿法线偏移并连接边界形成厚度；主要效果：将薄面变为壳体/实体,Z06,https://help.maxon.net/zbr/en-us/Content/html/user-guide/3d-modeling/hard-surface/panel-loops/panel-loops.html,High,,表面 / 体积,给开放表面增加厚度或壳体体积。,布料模拟，皮肤模拟等
S083,1,Nomad Sculpt,壳,壳,实体化 /蒙皮等,F20,壳体与厚度生成,实体组合,Operator/parameter,沿法线偏移并连接边界形成厚度；主要效果：将薄面变为壳体/实体,N01,https://nomadsculpt.com/manual/tools,High,,表面 / 体积,给开放表面增加厚度或壳体体积。,布料模拟，皮肤模拟等
S084,1,Houdini,Solidify/PolyExtrude 厚度,Solidify/PolyExtrude 厚度,实体化 /蒙皮等,F20,壳体与厚度生成,实体组合,Operator/parameter,沿法线偏移并连接边界形成厚度；主要效果：将薄面变为壳体/实体,H10,https://www.sidefx.com/docs/houdini/nodes/sop/skinsolidify.html,High,,表面 / 体积,给开放表面增加厚度或壳体体积。,布料模拟，皮肤模拟等
S085,1,Blender,镜像,镜像,镜像 / 对称,F21,几何镜像,复制与对称,Operator/parameter,复制或反射几何到对称平面另一侧；主要效果：得到对称几何,B03,https://docs.blender.org/manual/en/2.83/modeling/modifiers/index.html,High,,对象 / 组件 / 笔刷笔触,沿轴或平面对几何或笔触做镜像。,转换成语义即可
S086,1,Maya,镜像几何,镜像几何,镜像 / 对称,F21,几何镜像,复制与对称,Operator/parameter,复制或反射几何到对称平面另一侧；主要效果：得到对称几何,M01,https://help.autodesk.com/cloudhelp/ENU/MayaCRE-Modeling/files/GUID-C8EC81A1-46B2-498C-A759-7DC304D8B687.htm,High,,对象 / 组件 / 笔刷笔触,沿轴或平面对几何或笔触做镜像。,转换成语义即可
S087,1,3ds Max,对称,对称,镜像 / 对称,F21,几何镜像,复制与对称,Operator/parameter,复制或反射几何到对称平面另一侧；主要效果：得到对称几何,A01,https://help.autodesk.com/view/MAXDEV/2024/ENU/?guid=GUID-B40F84EA-5F19-45B6-AA7C-0ADC77708BBE,High,,对象 / 组件 / 笔刷笔触,沿轴或平面对几何或笔触做镜像。,转换成语义即可
S088,1,Cinema 4D,对称对象,对称对象,镜像 / 对称,F21,几何镜像,复制与对称,Operator/parameter,复制或反射几何到对称平面另一侧；主要效果：得到对称几何,C03,https://help.maxon.net/c4d/en-us/Content/html/5166.html?TocPath=Coordinates%7CGenerators%7C_____0,High,,对象 / 组件 / 笔刷笔触,沿轴或平面对几何或笔触做镜像。,转换成语义即可
S089,1,ZBrush,启用对称,启用对称,镜像 / 对称,F22,对称操作复制,复制与对称,Selection + operator,把同一编辑动作映射到对称位置；主要效果：同步产生对称编辑结果,Z01,https://help.maxon.net/zbr/en-us/Content/html/reference-guide/brush/brush-types/brush-types.html,High,,对象 / 组件 / 笔刷笔触,沿轴或平面对几何或笔触做镜像。,转换成语义即可
S090,1,Nomad Sculpt,对称,对称,镜像 / 对称,F22,对称操作复制,复制与对称,Selection + operator,把同一编辑动作映射到对称位置；主要效果：同步产生对称编辑结果,N03,https://nomadsculpt.com/manual/symmetry,High,,对象 / 组件 / 笔刷笔触,沿轴或平面对几何或笔触做镜像。,转换成语义即可
S091,1,Houdini,Mirror SOP,Mirror SOP,镜像 / 对称,F21,几何镜像,复制与对称,Operator/parameter,复制或反射几何到对称平面另一侧；主要效果：得到对称几何,H02,https://www.sidefx.com/docs/houdini/nodes/sop/index.html,High,,对象 / 组件 / 笔刷笔触,沿轴或平面对几何或笔触做镜像。,转换成语义即可
S092,1,Blender,阵列,阵列,阵列 / 重复复制,F23,阵列与实例化重复,复制与对称,Operator/parameter,按规则重复复制或实例化；主要效果：形成线性、径向或点分布重复,B03,https://docs.blender.org/manual/en/2.83/modeling/modifiers/index.html,High,,对象 / 组件 / 实例,线性、径向、沿路径或以实例方式重复几何。,转换成语义即可
S093,1,Maya,特殊复制 / MASH,特殊复制 / MASH,阵列 / 重复复制,F23,阵列与实例化重复,复制与对称,Operator/parameter,按规则重复复制或实例化；主要效果：形成线性、径向或点分布重复,M05,https://help.autodesk.com/cloudhelp/2025/ENU/Maya-Basics/files/GUID-961B262B-F882-452C-B6A9-1B7F3AD8E0FE.htm,High,,对象 / 组件 / 实例,线性、径向、沿路径或以实例方式重复几何。,转换成语义即可
S094,1,3ds Max,阵列,阵列,阵列 / 重复复制,F23,阵列与实例化重复,复制与对称,Operator/parameter,按规则重复复制或实例化；主要效果：形成线性、径向或点分布重复,A01,https://help.autodesk.com/view/MAXDEV/2024/ENU/?guid=GUID-B40F84EA-5F19-45B6-AA7C-0ADC77708BBE,High,,对象 / 组件 / 实例,线性、径向、沿路径或以实例方式重复几何。,转换成语义即可
S095,1,Cinema 4D,克隆器,克隆器,阵列 / 重复复制,F23,阵列与实例化重复,复制与对称,Operator/parameter,按规则重复复制或实例化；主要效果：形成线性、径向或点分布重复,C03,https://help.maxon.net/c4d/en-us/Content/html/5166.html?TocPath=Coordinates%7CGenerators%7C_____0,High,,对象 / 组件 / 实例,线性、径向、沿路径或以实例方式重复几何。,转换成语义即可
S096,1,ZBrush,ArrayMesh/NanoMesh,ArrayMesh/NanoMesh,阵列 / 重复复制,F23,阵列与实例化重复,复制与对称,Operator/parameter,按规则重复复制或实例化；主要效果：形成线性、径向或点分布重复,Z01,https://help.maxon.net/zbr/en-us/Content/html/reference-guide/brush/brush-types/brush-types.html,High,,对象 / 组件 / 实例,线性、径向、沿路径或以实例方式重复几何。,转换成语义即可
S097,1,Nomad Sculpt,重复,重复,阵列 / 重复复制,F23,阵列与实例化重复,复制与对称,Operator/parameter,按规则重复复制或实例化；主要效果：形成线性、径向或点分布重复,N01,https://nomadsculpt.com/manual/tools,High,,对象 / 组件 / 实例,线性、径向、沿路径或以实例方式重复几何。,转换成语义即可
S098,1,Houdini,Copy to Points,Copy to Points,阵列 / 重复复制,F23,阵列与实例化重复,复制与对称,Operator/parameter,按规则重复复制或实例化；主要效果：形成线性、径向或点分布重复,H02,https://www.sidefx.com/docs/houdini/nodes/sop/index.html,High,,对象 / 组件 / 实例,线性、径向、沿路径或以实例方式重复几何。,转换成语义即可
S099,1,Blender,简单变形,简单变形,弯曲 / 扭转 / 锥化,F24,轴向参数变形,参数形变,Operator/parameter,依据轴与角度/曲率函数变形；主要效果：弯曲、扭转、锥化或张开,B04,https://docs.blender.org/manual/id/3.6/modeling/modifiers/deform/simple_deform.html,High,,对象 / 区域,对已有几何做整体或局部弯曲、扭转、锥化或扭曲。,拖拽
S100,1,Maya,弯曲 / 扭转 / 张开,弯曲 / 扭转 / 张开,弯曲 / 扭转 / 锥化,F24,轴向参数变形,参数形变,Operator/parameter,依据轴与角度/曲率函数变形；主要效果：弯曲、扭转、锥化或张开,M01,https://help.autodesk.com/cloudhelp/ENU/MayaCRE-Modeling/files/GUID-C8EC81A1-46B2-498C-A759-7DC304D8B687.htm,High,,对象 / 区域,对已有几何做整体或局部弯曲、扭转、锥化或扭曲。,拖拽
S101,1,3ds Max,弯曲 / 扭转 / 锥化,弯曲 / 扭转 / 锥化,弯曲 / 扭转 / 锥化,F24,轴向参数变形,参数形变,Operator/parameter,依据轴与角度/曲率函数变形；主要效果：弯曲、扭转、锥化或张开,A01,https://help.autodesk.com/view/MAXDEV/2024/ENU/?guid=GUID-B40F84EA-5F19-45B6-AA7C-0ADC77708BBE,High,,对象 / 区域,对已有几何做整体或局部弯曲、扭转、锥化或扭曲。,拖拽
S102,1,Cinema 4D,弯曲 / 扭转 / 锥化,弯曲 / 扭转 / 锥化,弯曲 / 扭转 / 锥化,F24,轴向参数变形,参数形变,Operator/parameter,依据轴与角度/曲率函数变形；主要效果：弯曲、扭转、锥化或张开,C03,https://help.maxon.net/c4d/en-us/Content/html/5166.html?TocPath=Coordinates%7CGenerators%7C_____0,High,,对象 / 区域,对已有几何做整体或局部弯曲、扭转、锥化或扭曲。,拖拽
S103,1,ZBrush,Gizmo 变形器,Gizmo 变形器,弯曲 / 扭转 / 锥化,F24,轴向参数变形,参数形变,Operator/parameter,依据轴与角度/曲率函数变形；主要效果：弯曲、扭转、锥化或张开,Z04,https://help.maxon.net/zbr/en-us/Content/html/user-guide/3d-modeling/modeling-basics/gizmo-3d/deformers/list-of-deformers/list-of-deformers.html,High,,对象 / 区域,对已有几何做整体或局部弯曲、扭转、锥化或扭曲。,拖拽
S104,1,Nomad Sculpt,弯曲 / 扭转,弯曲 / 扭转,弯曲 / 扭转 / 锥化,F24,轴向参数变形,参数形变,Operator/parameter,依据轴与角度/曲率函数变形；主要效果：弯曲、扭转、锥化或张开,N01,https://nomadsculpt.com/manual/tools,High,,对象 / 区域,对已有几何做整体或局部弯曲、扭转、锥化或扭曲。,拖拽
S105,1,Houdini,Bend/Twist/Lattice,Bend/Twist,弯曲 / 扭转 / 锥化,F24,轴向参数变形,参数形变,Operator/parameter,依据轴与角度/曲率函数变形；主要效果：弯曲、扭转、锥化或张开,H02,https://www.sidefx.com/docs/houdini/nodes/sop/index.html,High,,对象 / 区域,对已有几何做整体或局部弯曲、扭转、锥化或扭曲。,拖拽
S105,2,Houdini,Bend/Twist/Lattice,Lattice,弯曲 / 扭转 / 锥化,F25,衰减与晶格笼变形,参数形变,Direct manipulation,由权重场或控制笼插值位移；主要效果：产生连续局部形变,H02,https://www.sidefx.com/docs/houdini/nodes/sop/index.html,High,,对象 / 区域,对已有几何做整体或局部弯曲、扭转、锥化或扭曲。,拖拽
S106,1,Blender,比例编辑 / 晶格,比例编辑 / 晶格,晶格 / 软选择变形,F25,衰减与晶格笼变形,参数形变,Direct manipulation,由权重场或控制笼插值位移；主要效果：产生连续局部形变,B02,https://docs.blender.org/manual/en/4.0/modeling/meshes/editing/index.html,High,,组件 / 区域 / 控制笼,通过衰减或控制笼移动区域。,形状上的变形，类似于我们要保留地拖拽
S107,1,Maya,软选择 / 晶格,软选择 / 晶格,晶格 / 软选择变形,F25,衰减与晶格笼变形,参数形变,Direct manipulation,由权重场或控制笼插值位移；主要效果：产生连续局部形变,M03,https://help.autodesk.com/cloudhelp/2025/ENU/Maya-Modeling/files/GUID-7EC09146-E5E8-449E-83D7-BFE7C780C32D.htm,High,,组件 / 区域 / 控制笼,通过衰减或控制笼移动区域。,形状上的变形，类似于我们要保留地拖拽
S108,1,3ds Max,软选择 / FFD,软选择 / FFD,晶格 / 软选择变形,F25,衰减与晶格笼变形,参数形变,Direct manipulation,由权重场或控制笼插值位移；主要效果：产生连续局部形变,A05,https://help.autodesk.com/cloudhelp/2021/ENU/3DSMax-Modifiers/files/GUID-1129177A-6B3D-47EB-8636-B6D38BE816F8.htm,High,,组件 / 区域 / 控制笼,通过衰减或控制笼移动区域。,形状上的变形，类似于我们要保留地拖拽
S109,1,Cinema 4D,FFD,FFD,晶格 / 软选择变形,F25,衰减与晶格笼变形,参数形变,Direct manipulation,由权重场或控制笼插值位移；主要效果：产生连续局部形变,C03,https://help.maxon.net/c4d/en-us/Content/html/5166.html?TocPath=Coordinates%7CGenerators%7C_____0,High,,组件 / 区域 / 控制笼,通过衰减或控制笼移动区域。,形状上的变形，类似于我们要保留地拖拽
S110,1,ZBrush,Gizmo 衰减,Gizmo 衰减,晶格 / 软选择变形,F25,衰减与晶格笼变形,参数形变,Direct manipulation,由权重场或控制笼插值位移；主要效果：产生连续局部形变,Z01,https://help.maxon.net/zbr/en-us/Content/html/reference-guide/brush/brush-types/brush-types.html,High,,组件 / 区域 / 控制笼,通过衰减或控制笼移动区域。,形状上的变形，类似于我们要保留地拖拽
S111,1,Nomad Sculpt,带衰减移动,带衰减移动,晶格 / 软选择变形,F25,衰减与晶格笼变形,参数形变,Direct manipulation,由权重场或控制笼插值位移；主要效果：产生连续局部形变,N01,https://nomadsculpt.com/manual/tools,High,,组件 / 区域 / 控制笼,通过衰减或控制笼移动区域。,形状上的变形，类似于我们要保留地拖拽
S112,1,Houdini,Lattice/Edit,Lattice/Edit,晶格 / 软选择变形,F25,衰减与晶格笼变形,参数形变,Direct manipulation,由权重场或控制笼插值位移；主要效果：产生连续局部形变,H02,https://www.sidefx.com/docs/houdini/nodes/sop/index.html,High,,组件 / 区域 / 控制笼,通过衰减或控制笼移动区域。,形状上的变形，类似于我们要保留地拖拽
S113,1,Blender,旋转 / 螺旋,旋转 / 螺旋,车削 / 旋转成形,F26,旋转成形,截面生成,Operator/parameter,截面绕轴旋转生成表面；主要效果：形成轴对称体,B02,https://docs.blender.org/manual/en/4.0/modeling/meshes/editing/index.html,High,,曲线 / 剖面 / 曲面,把剖面绕轴旋转生成曲面。,转换成语义
S114,1,Maya,旋转成形,旋转成形,车削 / 旋转成形,F26,旋转成形,截面生成,Operator/parameter,截面绕轴旋转生成表面；主要效果：形成轴对称体,M01,https://help.autodesk.com/cloudhelp/ENU/MayaCRE-Modeling/files/GUID-C8EC81A1-46B2-498C-A759-7DC304D8B687.htm,High,,曲线 / 剖面 / 曲面,把剖面绕轴旋转生成曲面。,转换成语义
S115,1,3ds Max,车削,车削,车削 / 旋转成形,F26,旋转成形,截面生成,Operator/parameter,截面绕轴旋转生成表面；主要效果：形成轴对称体,A01,https://help.autodesk.com/view/MAXDEV/2024/ENU/?guid=GUID-B40F84EA-5F19-45B6-AA7C-0ADC77708BBE,High,,曲线 / 剖面 / 曲面,把剖面绕轴旋转生成曲面。,转换成语义
S116,1,Cinema 4D,车削,车削,车削 / 旋转成形,F26,旋转成形,截面生成,Operator/parameter,截面绕轴旋转生成表面；主要效果：形成轴对称体,C03,https://help.maxon.net/c4d/en-us/Content/html/5166.html?TocPath=Coordinates%7CGenerators%7C_____0,High,,曲线 / 剖面 / 曲面,把剖面绕轴旋转生成曲面。,转换成语义
S117,1,Nomad Sculpt,车削,车削,车削 / 旋转成形,F26,旋转成形,截面生成,Operator/parameter,截面绕轴旋转生成表面；主要效果：形成轴对称体,N01,https://nomadsculpt.com/manual/tools,High,,曲线 / 剖面 / 曲面,把剖面绕轴旋转生成曲面。,转换成语义
S118,1,Houdini,Revolve,Revolve,车削 / 旋转成形,F26,旋转成形,截面生成,Operator/parameter,截面绕轴旋转生成表面；主要效果：形成轴对称体,H02,https://www.sidefx.com/docs/houdini/nodes/sop/index.html,High,,曲线 / 剖面 / 曲面,把剖面绕轴旋转生成曲面。,转换成语义
S119,1,Blender,曲线倒角 / Skin,曲线倒角,扫掠 / 放样 / 蒙皮,F27,沿路径扫掠,截面生成,Operator/parameter,截面沿一条路径传输；主要效果：形成管、条带或扫掠体,B02,https://docs.blender.org/manual/en/4.0/modeling/meshes/editing/index.html,High,,曲线 / 剖面 / 曲面,由路径、剖面、导轨或截面生成曲面。,空间中定位加人的手势操作引导+语言或许可以解决。
S119,2,Blender,曲线倒角 / Skin,Skin,扫掠 / 放样 / 蒙皮,F28,多截面放样与蒙皮,截面生成,Operator/parameter,在多个截面或骨架之间插值连接；主要效果：形成连续表面,B02,https://docs.blender.org/manual/en/4.0/modeling/meshes/editing/index.html,High,,曲线 / 剖面 / 曲面,由路径、剖面、导轨或截面生成曲面。,空间中定位加人的手势操作引导+语言或许可以解决。
S120,1,Maya,扫掠网格 / 放样,扫掠网格,扫掠 / 放样 / 蒙皮,F27,沿路径扫掠,截面生成,Operator/parameter,截面沿一条路径传输；主要效果：形成管、条带或扫掠体,M06,https://help.autodesk.com/cloudhelp/2025/ENU/Maya-Modeling/files/GUID-1E33DECF-6D99-4B18-A5C7-403BCFF5E023.htm,High,,曲线 / 剖面 / 曲面,由路径、剖面、导轨或截面生成曲面。,空间中定位加人的手势操作引导+语言或许可以解决。
S120,2,Maya,扫掠网格 / 放样,放样,扫掠 / 放样 / 蒙皮,F28,多截面放样与蒙皮,截面生成,Operator/parameter,在多个截面或骨架之间插值连接；主要效果：形成连续表面,M01,https://help.autodesk.com/cloudhelp/ENU/MayaCRE-Modeling/files/GUID-C8EC81A1-46B2-498C-A759-7DC304D8B687.htm,High,,曲线 / 剖面 / 曲面,由路径、剖面、导轨或截面生成曲面。,空间中定位加人的手势操作引导+语言或许可以解决。
S121,1,3ds Max,扫掠 / 放样,扫掠,扫掠 / 放样 / 蒙皮,F27,沿路径扫掠,截面生成,Operator/parameter,截面沿一条路径传输；主要效果：形成管、条带或扫掠体,A01,https://help.autodesk.com/view/MAXDEV/2024/ENU/?guid=GUID-B40F84EA-5F19-45B6-AA7C-0ADC77708BBE,High,,曲线 / 剖面 / 曲面,由路径、剖面、导轨或截面生成曲面。,空间中定位加人的手势操作引导+语言或许可以解决。
S121,2,3ds Max,扫掠 / 放样,放样,扫掠 / 放样 / 蒙皮,F28,多截面放样与蒙皮,截面生成,Operator/parameter,在多个截面或骨架之间插值连接；主要效果：形成连续表面,A01,https://help.autodesk.com/view/MAXDEV/2024/ENU/?guid=GUID-B40F84EA-5F19-45B6-AA7C-0ADC77708BBE,High,,曲线 / 剖面 / 曲面,由路径、剖面、导轨或截面生成曲面。,空间中定位加人的手势操作引导+语言或许可以解决。
S122,1,Cinema 4D,扫掠 / 放样,扫掠,扫掠 / 放样 / 蒙皮,F27,沿路径扫掠,截面生成,Operator/parameter,截面沿一条路径传输；主要效果：形成管、条带或扫掠体,C03,https://help.maxon.net/c4d/en-us/Content/html/5166.html?TocPath=Coordinates%7CGenerators%7C_____0,High,,曲线 / 剖面 / 曲面,由路径、剖面、导轨或截面生成曲面。,空间中定位加人的手势操作引导+语言或许可以解决。
S122,2,Cinema 4D,扫掠 / 放样,放样,扫掠 / 放样 / 蒙皮,F28,多截面放样与蒙皮,截面生成,Operator/parameter,在多个截面或骨架之间插值连接；主要效果：形成连续表面,C03,https://help.maxon.net/c4d/en-us/Content/html/5166.html?TocPath=Coordinates%7CGenerators%7C_____0,High,,曲线 / 剖面 / 曲面,由路径、剖面、导轨或截面生成曲面。,空间中定位加人的手势操作引导+语言或许可以解决。
S123,1,ZBrush,CurveTube,CurveTube,扫掠 / 放样 / 蒙皮,F27,沿路径扫掠,截面生成,Operator/parameter,截面沿一条路径传输；主要效果：形成管、条带或扫掠体,Z01,https://help.maxon.net/zbr/en-us/Content/html/reference-guide/brush/brush-types/brush-types.html,High,,曲线 / 剖面 / 曲面,由路径、剖面、导轨或截面生成曲面。,空间中定位加人的手势操作引导+语言或许可以解决。
S124,1,Nomad Sculpt,沿路径生成管,沿路径生成管,扫掠 / 放样 / 蒙皮,F27,沿路径扫掠,截面生成,Operator/parameter,截面沿一条路径传输；主要效果：形成管、条带或扫掠体,N01,https://nomadsculpt.com/manual/tools,High,,曲线 / 剖面 / 曲面,由路径、剖面、导轨或截面生成曲面。,空间中定位加人的手势操作引导+语言或许可以解决。
S125,1,Houdini,Sweep/Skin,Sweep,扫掠 / 放样 / 蒙皮,F27,沿路径扫掠,截面生成,Operator/parameter,截面沿一条路径传输；主要效果：形成管、条带或扫掠体,H02,https://www.sidefx.com/docs/houdini/nodes/sop/index.html,High,,曲线 / 剖面 / 曲面,由路径、剖面、导轨或截面生成曲面。,空间中定位加人的手势操作引导+语言或许可以解决。
S125,2,Houdini,Sweep/Skin,Skin,扫掠 / 放样 / 蒙皮,F28,多截面放样与蒙皮,截面生成,Operator/parameter,在多个截面或骨架之间插值连接；主要效果：形成连续表面,H02,https://www.sidefx.com/docs/houdini/nodes/sop/index.html,High,,曲线 / 剖面 / 曲面,由路径、剖面、导轨或截面生成曲面。,空间中定位加人的手势操作引导+语言或许可以解决。
S126,1,Blender,收缩包裹,收缩包裹,投射 / 贴合 / 收缩包裹,F29,表面贴合与收缩包裹,贴合与传递,Operator/parameter,沿最近点、射线或投射方向移动点到目标表面；主要效果：使整体/局部几何贴合目标,B03,https://docs.blender.org/manual/en/2.83/modeling/modifiers/index.html,High,,表面 / 网格 / 目标,让几何贴合目标表面、导向或投射方向。,拖拽
S127,1,Maya,ShrinkWrap / Quad Draw Live,ShrinkWrap,投射 / 贴合 / 收缩包裹,F29,表面贴合与收缩包裹,贴合与传递,Operator/parameter,沿最近点、射线或投射方向移动点到目标表面；主要效果：使整体/局部几何贴合目标,M01,https://help.autodesk.com/cloudhelp/ENU/MayaCRE-Modeling/files/GUID-C8EC81A1-46B2-498C-A759-7DC304D8B687.htm,High,,表面 / 网格 / 目标,让几何贴合目标表面、导向或投射方向。,拖拽
S127,2,Maya,ShrinkWrap / Quad Draw Live,Quad Draw Live,投射 / 贴合 / 收缩包裹,F18,重拓扑与四边形化,重建与分辨率,Operator/parameter,依据表面与流向重建面布局；主要效果：生成更适合编辑/动画的拓扑,M04,https://help.autodesk.com/cloudhelp/2025/ENU/Maya-Basics/files/GUID-EBF1E652-4DDD-423F-B42E-3BF85AE46A5D.htm,High,Live Surface 是手动重拓扑的贴附条件，主要结果是新拓扑。,表面 / 网格 / 目标,让几何贴合目标表面、导向或投射方向。,拖拽
S128,1,3ds Max,贴合,贴合,投射 / 贴合 / 收缩包裹,F29,表面贴合与收缩包裹,贴合与传递,Operator/parameter,沿最近点、射线或投射方向移动点到目标表面；主要效果：使整体/局部几何贴合目标,A01,https://help.autodesk.com/view/MAXDEV/2024/ENU/?guid=GUID-B40F84EA-5F19-45B6-AA7C-0ADC77708BBE,High,,表面 / 网格 / 目标,让几何贴合目标表面、导向或投射方向。,拖拽
S129,1,Cinema 4D,收缩包裹,收缩包裹,投射 / 贴合 / 收缩包裹,F29,表面贴合与收缩包裹,贴合与传递,Operator/parameter,沿最近点、射线或投射方向移动点到目标表面；主要效果：使整体/局部几何贴合目标,C03,https://help.maxon.net/c4d/en-us/Content/html/5166.html?TocPath=Coordinates%7CGenerators%7C_____0,High,,表面 / 网格 / 目标,让几何贴合目标表面、导向或投射方向。,拖拽
S130,1,ZBrush,Project All,Project All,投射 / 贴合 / 收缩包裹,F30,几何细节投射与转移,贴合与传递,Operator/parameter,把源表面细节采样到另一网格；主要效果：在新拓扑上恢复几何细节,Z01,https://help.maxon.net/zbr/en-us/Content/html/reference-guide/brush/brush-types/brush-types.html,High,,表面 / 网格 / 目标,让几何贴合目标表面、导向或投射方向。,拖拽
S131,1,Nomad Sculpt,投射 / 吸附,投射,投射 / 贴合 / 收缩包裹,F29,表面贴合与收缩包裹,贴合与传递,Operator/parameter,沿最近点、射线或投射方向移动点到目标表面；主要效果：使整体/局部几何贴合目标,N01,https://nomadsculpt.com/manual/tools,High,,表面 / 网格 / 目标,让几何贴合目标表面、导向或投射方向。,拖拽
S131,2,Nomad Sculpt,投射 / 吸附,吸附,投射 / 贴合 / 收缩包裹,F04,吸附与轴向约束放置,变换与布局,Direct manipulation,将变换限制到网格、点、曲线或轴；主要效果：提高放置精度,N01,https://nomadsculpt.com/manual/tools,Medium,源表将“吸附”与投射并列，具体对象级/组件级模式需专家确认。,表面 / 网格 / 目标,让几何贴合目标表面、导向或投射方向。,拖拽
S132,1,Houdini,Ray/Shrinkwrap,Ray/Shrinkwrap,投射 / 贴合 / 收缩包裹,F29,表面贴合与收缩包裹,贴合与传递,Operator/parameter,沿最近点、射线或投射方向移动点到目标表面；主要效果：使整体/局部几何贴合目标,H02,https://www.sidefx.com/docs/houdini/nodes/sop/index.html,High,,表面 / 网格 / 目标,让几何贴合目标表面、导向或投射方向。,拖拽
S133,1,Blender,抓取 / 弹性变形,抓取 / 弹性变形,雕刻抓取 / 移动,F31,雕刻抓取与牵拉,雕刻形态,Brush/stroke,以笔刷中心和衰减场直接位移表面；主要效果：拖动、抓取或延展局部轮廓,B05,https://docs.blender.org/manual/en/4.2/sculpt_paint/sculpting/introduction/brush.html,High,,笔刷区域 / 表面,用笔刷衰减拉动或推动局部表面。,拖拽
S134,1,Maya,雕刻移动,雕刻移动,雕刻抓取 / 移动,F31,雕刻抓取与牵拉,雕刻形态,Brush/stroke,以笔刷中心和衰减场直接位移表面；主要效果：拖动、抓取或延展局部轮廓,M02,https://help.autodesk.com/cloudhelp/2022/ENU/Maya-Modeling/files/GUID-820F611F-3380-4D33-AC69-EEC62A59109B.htm,High,,笔刷区域 / 表面,用笔刷衰减拉动或推动局部表面。,拖拽
S135,1,ZBrush,Move/SnakeHook,Move/SnakeHook,雕刻抓取 / 移动,F31,雕刻抓取与牵拉,雕刻形态,Brush/stroke,以笔刷中心和衰减场直接位移表面；主要效果：拖动、抓取或延展局部轮廓,Z01,https://help.maxon.net/zbr/en-us/Content/html/reference-guide/brush/brush-types/brush-types.html,High,,笔刷区域 / 表面,用笔刷衰减拉动或推动局部表面。,拖拽
S136,1,Nomad Sculpt,移动 / 拖拽,移动 / 拖拽,雕刻抓取 / 移动,F31,雕刻抓取与牵拉,雕刻形态,Brush/stroke,以笔刷中心和衰减场直接位移表面；主要效果：拖动、抓取或延展局部轮廓,N01,https://nomadsculpt.com/manual/tools,High,,笔刷区域 / 表面,用笔刷衰减拉动或推动局部表面。,拖拽
S137,1,Cinema 4D,雕刻拉动 / 抓取,雕刻拉动 / 抓取,雕刻抓取 / 移动,F31,雕刻抓取与牵拉,雕刻形态,Brush/stroke,以笔刷中心和衰减场直接位移表面；主要效果：拖动、抓取或延展局部轮廓,C04,https://help.maxon.net/c4d/en-us/Content/html/TOOLSCULPTBRUSHFLATTEN-MDATA_SCULPTBRUSH_SETTINGS_GROUP.html,High,,笔刷区域 / 表面,用笔刷衰减拉动或推动局部表面。,拖拽
S138,1,Houdini,Sculpt/Edit,Sculpt/Edit,雕刻抓取 / 移动,F31,雕刻抓取与牵拉,雕刻形态,Brush/stroke,以笔刷中心和衰减场直接位移表面；主要效果：拖动、抓取或延展局部轮廓,H06,https://www.sidefx.com/docs/houdini/nodes/sop/sculpt.html,High,,笔刷区域 / 表面,用笔刷衰减拉动或推动局部表面。,拖拽
S139,1,Blender,黏土 / 黏土条,黏土 / 黏土条,雕刻黏土 / 堆体积,F32,雕刻堆积与挖除,雕刻形态,Brush/stroke,沿笔刷轨迹增加或移除体量；主要效果：塑造凸起、凹陷和块面,B05,https://docs.blender.org/manual/en/4.2/sculpt_paint/sculpting/introduction/brush.html,High,,笔刷区域 / 体积,像黏土一样通过笔触添加或削减体积。,人手的操作，类似于绘画
S140,1,ZBrush,ClayBuildup/Standard,ClayBuildup/Standard,雕刻黏土 / 堆体积,F32,雕刻堆积与挖除,雕刻形态,Brush/stroke,沿笔刷轨迹增加或移除体量；主要效果：塑造凸起、凹陷和块面,Z01,https://help.maxon.net/zbr/en-us/Content/html/reference-guide/brush/brush-types/brush-types.html,High,,笔刷区域 / 体积,像黏土一样通过笔触添加或削减体积。,人手的操作，类似于绘画
S141,1,Nomad Sculpt,黏土 / 堆叠,黏土 / 堆叠,雕刻黏土 / 堆体积,F32,雕刻堆积与挖除,雕刻形态,Brush/stroke,沿笔刷轨迹增加或移除体量；主要效果：塑造凸起、凹陷和块面,N01,https://nomadsculpt.com/manual/tools,High,,笔刷区域 / 体积,像黏土一样通过笔触添加或削减体积。,人手的操作，类似于绘画
S142,1,Cinema 4D,Wax/Pull,Wax/Pull,雕刻黏土 / 堆体积,F32,雕刻堆积与挖除,雕刻形态,Brush/stroke,沿笔刷轨迹增加或移除体量；主要效果：塑造凸起、凹陷和块面,C04,https://help.maxon.net/c4d/en-us/Content/html/TOOLSCULPTBRUSHFLATTEN-MDATA_SCULPTBRUSH_SETTINGS_GROUP.html,High,,笔刷区域 / 体积,像黏土一样通过笔触添加或削减体积。,人手的操作，类似于绘画
S143,1,Houdini,Curve Clay/Sculpt,Curve Clay/Sculpt,雕刻黏土 / 堆体积,F32,雕刻堆积与挖除,雕刻形态,Brush/stroke,沿笔刷轨迹增加或移除体量；主要效果：塑造凸起、凹陷和块面,H06,https://www.sidefx.com/docs/houdini/nodes/sop/sculpt.html,High,,笔刷区域 / 体积,像黏土一样通过笔触添加或削减体积。,人手的操作，类似于绘画
S144,1,Blender,平滑 / 压平 / 放松,平滑/放松,雕刻平滑 / 压平 / 放松,F33,交互式局部平滑与放松,雕刻形态,Brush/stroke,在笔刷影响域内平均或放松顶点；主要效果：消除局部噪声并保留/弱化形状,B05,https://docs.blender.org/manual/en/4.2/sculpt_paint/sculpting/introduction/brush.html,High,,笔刷区域 / 表面,减少凹凸、压平平面或放松不规则网格。,不同的雕刻笔刷，可能新界面还是需要保留
S144,2,Blender,平滑 / 压平 / 放松,压平,雕刻平滑 / 压平 / 放松,F34,交互式压平刮削与抛光,雕刻形态,Brush/stroke,把局部点投到估计平面或削平峰值；主要效果：形成平面、硬边或抛光表面,B05,https://docs.blender.org/manual/en/4.2/sculpt_paint/sculpting/introduction/brush.html,High,,笔刷区域 / 表面,减少凹凸、压平平面或放松不规则网格。,不同的雕刻笔刷，可能新界面还是需要保留
S145,1,ZBrush,Smooth/TrimDynamic/HPolish,Smooth,雕刻平滑 / 压平 / 放松,F33,交互式局部平滑与放松,雕刻形态,Brush/stroke,在笔刷影响域内平均或放松顶点；主要效果：消除局部噪声并保留/弱化形状,Z01,https://help.maxon.net/zbr/en-us/Content/html/reference-guide/brush/brush-types/brush-types.html,High,,笔刷区域 / 表面,减少凹凸、压平平面或放松不规则网格。,不同的雕刻笔刷，可能新界面还是需要保留
S145,2,ZBrush,Smooth/TrimDynamic/HPolish,TrimDynamic/HPolish,雕刻平滑 / 压平 / 放松,F34,交互式压平刮削与抛光,雕刻形态,Brush/stroke,把局部点投到估计平面或削平峰值；主要效果：形成平面、硬边或抛光表面,Z01,https://help.maxon.net/zbr/en-us/Content/html/reference-guide/brush/brush-types/brush-types.html,High,,笔刷区域 / 表面,减少凹凸、压平平面或放松不规则网格。,不同的雕刻笔刷，可能新界面还是需要保留
S146,1,Nomad Sculpt,平滑 / 压平 / 抛光,平滑,雕刻平滑 / 压平 / 放松,F33,交互式局部平滑与放松,雕刻形态,Brush/stroke,在笔刷影响域内平均或放松顶点；主要效果：消除局部噪声并保留/弱化形状,N01,https://nomadsculpt.com/manual/tools,High,,笔刷区域 / 表面,减少凹凸、压平平面或放松不规则网格。,不同的雕刻笔刷，可能新界面还是需要保留
S146,2,Nomad Sculpt,平滑 / 压平 / 抛光,压平/抛光,雕刻平滑 / 压平 / 放松,F34,交互式压平刮削与抛光,雕刻形态,Brush/stroke,把局部点投到估计平面或削平峰值；主要效果：形成平面、硬边或抛光表面,N01,https://nomadsculpt.com/manual/tools,High,,笔刷区域 / 表面,减少凹凸、压平平面或放松不规则网格。,不同的雕刻笔刷，可能新界面还是需要保留
S147,1,Cinema 4D,平滑 / 压平,平滑,雕刻平滑 / 压平 / 放松,F33,交互式局部平滑与放松,雕刻形态,Brush/stroke,在笔刷影响域内平均或放松顶点；主要效果：消除局部噪声并保留/弱化形状,C04,https://help.maxon.net/c4d/en-us/Content/html/TOOLSCULPTBRUSHFLATTEN-MDATA_SCULPTBRUSH_SETTINGS_GROUP.html,High,,笔刷区域 / 表面,减少凹凸、压平平面或放松不规则网格。,不同的雕刻笔刷，可能新界面还是需要保留
S147,2,Cinema 4D,平滑 / 压平,压平,雕刻平滑 / 压平 / 放松,F34,交互式压平刮削与抛光,雕刻形态,Brush/stroke,把局部点投到估计平面或削平峰值；主要效果：形成平面、硬边或抛光表面,C04,https://help.maxon.net/c4d/en-us/Content/html/TOOLSCULPTBRUSHFLATTEN-MDATA_SCULPTBRUSH_SETTINGS_GROUP.html,High,,笔刷区域 / 表面,减少凹凸、压平平面或放松不规则网格。,不同的雕刻笔刷，可能新界面还是需要保留
S148,1,Houdini,Smooth/Sculpt,Smooth SOP,雕刻平滑 / 压平 / 放松,F41,算子式表面平滑与放松,重建与分辨率,Operator/parameter,由一次性算子或节点对选区迭代平均；主要效果：整体或选区平滑,H05,https://www.sidefx.com/docs/houdini/nodes/sop/smooth,High,,笔刷区域 / 表面,减少凹凸、压平平面或放松不规则网格。,不同的雕刻笔刷，可能新界面还是需要保留
S148,2,Houdini,Smooth/Sculpt,Sculpt 平滑,雕刻平滑 / 压平 / 放松,F33,交互式局部平滑与放松,雕刻形态,Brush/stroke,在笔刷影响域内平均或放松顶点；主要效果：消除局部噪声并保留/弱化形状,H06,https://www.sidefx.com/docs/houdini/nodes/sop/sculpt.html,Medium,源表未写出具体 Sculpt brush；作为交互式局部平滑候选保留。,笔刷区域 / 表面,减少凹凸、压平平面或放松不规则网格。,不同的雕刻笔刷，可能新界面还是需要保留
S149,1,Blender,膨胀 / 收紧 / 刻痕,膨胀,雕刻膨胀 / 收紧 / 刻痕,F35,法向膨胀与收缩,雕刻形态,Brush/stroke,沿表面法线正向或反向位移；主要效果：局部鼓起或收缩,B05,https://docs.blender.org/manual/en/4.2/sculpt_paint/sculpting/introduction/brush.html,High,,笔刷区域 / 细节,让局部膨胀、夹紧，或刻出锐利褶皱/沟槽。,也算是直觉型操作
S149,2,Blender,膨胀 / 收紧 / 刻痕,收紧/刻痕,雕刻膨胀 / 收紧 / 刻痕,F36,收紧刻痕与褶皱强化,雕刻形态,Brush/stroke,把邻近点向笔刷中心线收拢并可压入；主要效果：锐化边、刻痕或褶皱,B05,https://docs.blender.org/manual/en/4.2/sculpt_paint/sculpting/introduction/brush.html,High,,笔刷区域 / 细节,让局部膨胀、夹紧，或刻出锐利褶皱/沟槽。,也算是直觉型操作
S150,1,ZBrush,Inflate/Pinch/DamStandard,Inflate,雕刻膨胀 / 收紧 / 刻痕,F35,法向膨胀与收缩,雕刻形态,Brush/stroke,沿表面法线正向或反向位移；主要效果：局部鼓起或收缩,Z01,https://help.maxon.net/zbr/en-us/Content/html/reference-guide/brush/brush-types/brush-types.html,High,,笔刷区域 / 细节,让局部膨胀、夹紧，或刻出锐利褶皱/沟槽。,也算是直觉型操作
S150,2,ZBrush,Inflate/Pinch/DamStandard,Pinch/DamStandard,雕刻膨胀 / 收紧 / 刻痕,F36,收紧刻痕与褶皱强化,雕刻形态,Brush/stroke,把邻近点向笔刷中心线收拢并可压入；主要效果：锐化边、刻痕或褶皱,Z01,https://help.maxon.net/zbr/en-us/Content/html/reference-guide/brush/brush-types/brush-types.html,High,,笔刷区域 / 细节,让局部膨胀、夹紧，或刻出锐利褶皱/沟槽。,也算是直觉型操作
S151,1,Nomad Sculpt,膨胀 / 收紧 / 刻痕,膨胀,雕刻膨胀 / 收紧 / 刻痕,F35,法向膨胀与收缩,雕刻形态,Brush/stroke,沿表面法线正向或反向位移；主要效果：局部鼓起或收缩,N01,https://nomadsculpt.com/manual/tools,High,,笔刷区域 / 细节,让局部膨胀、夹紧，或刻出锐利褶皱/沟槽。,也算是直觉型操作
S151,2,Nomad Sculpt,膨胀 / 收紧 / 刻痕,收紧/刻痕,雕刻膨胀 / 收紧 / 刻痕,F36,收紧刻痕与褶皱强化,雕刻形态,Brush/stroke,把邻近点向笔刷中心线收拢并可压入；主要效果：锐化边、刻痕或褶皱,N01,https://nomadsculpt.com/manual/tools,High,,笔刷区域 / 细节,让局部膨胀、夹紧，或刻出锐利褶皱/沟槽。,也算是直觉型操作
S152,1,Cinema 4D,膨胀 / 收紧,膨胀,雕刻膨胀 / 收紧 / 刻痕,F35,法向膨胀与收缩,雕刻形态,Brush/stroke,沿表面法线正向或反向位移；主要效果：局部鼓起或收缩,C05,https://help.maxon.net/c4d/2026/en-us/Content/html/TOOLSCULPTBRUSHINFLATE.html,High,,笔刷区域 / 细节,让局部膨胀、夹紧，或刻出锐利褶皱/沟槽。,也算是直觉型操作
S152,2,Cinema 4D,膨胀 / 收紧,收紧,雕刻膨胀 / 收紧 / 刻痕,F36,收紧刻痕与褶皱强化,雕刻形态,Brush/stroke,把邻近点向笔刷中心线收拢并可压入；主要效果：锐化边、刻痕或褶皱,C04,https://help.maxon.net/c4d/en-us/Content/html/TOOLSCULPTBRUSHFLATTEN-MDATA_SCULPTBRUSH_SETTINGS_GROUP.html,High,,笔刷区域 / 细节,让局部膨胀、夹紧，或刻出锐利褶皱/沟槽。,也算是直觉型操作
S153,1,Houdini,Sculpt/Paint,Sculpt/Paint（膨胀候选）,雕刻膨胀 / 收紧 / 刻痕,F35,法向膨胀与收缩,雕刻形态,Brush/stroke,沿表面法线正向或反向位移；主要效果：局部鼓起或收缩,H06,https://www.sidefx.com/docs/houdini/nodes/sop/sculpt.html,Low,源表名称过于宽泛，官方文档未把该条目明确限定为 Inflate。,笔刷区域 / 细节,让局部膨胀、夹紧，或刻出锐利褶皱/沟槽。,也算是直觉型操作
S153,2,Houdini,Sculpt/Paint,Sculpt/Paint（收紧候选）,雕刻膨胀 / 收紧 / 刻痕,F36,收紧刻痕与褶皱强化,雕刻形态,Brush/stroke,把邻近点向笔刷中心线收拢并可压入；主要效果：锐化边、刻痕或褶皱,H06,https://www.sidefx.com/docs/houdini/nodes/sop/sculpt.html,Low,源表名称过于宽泛，需核对实际 brush mode。,笔刷区域 / 细节,让局部膨胀、夹紧，或刻出锐利褶皱/沟槽。,也算是直觉型操作
S154,1,Blender,遮罩笔刷 / 面集,遮罩笔刷,遮罩 / 隐藏 / 保护区域 / 权重绘制,F37,遮罩与权重影响场,作用域与组织,Brush/stroke,建立连续或离散权重以限制后续操作；主要效果：保护区域或调节影响强度,B06,https://docs.blender.org/manual/en/3.2/sculpt_paint/sculpting/tools/mask.html,High,,区域选择 / 表面,保护、隔离、隐藏、抽取或限制某些区域受影响。,
S154,2,Blender,遮罩笔刷 / 面集,面集,遮罩 / 隐藏 / 保护区域 / 权重绘制,F38,组件分组与区域选择定义,作用域与组织,Selection/control,记录离散选择、面集或多边形组；主要效果：界定后续操作范围,B06,https://docs.blender.org/manual/en/3.2/sculpt_paint/sculpting/tools/mask.html,High,,区域选择 / 表面,保护、隔离、隐藏、抽取或限制某些区域受影响。,
S155,1,Maya,绘制选择,绘制选择,遮罩 / 隐藏 / 保护区域 / 权重绘制,F38,组件分组与区域选择定义,作用域与组织,Selection/control,记录离散选择、面集或多边形组；主要效果：界定后续操作范围,M01,https://help.autodesk.com/cloudhelp/ENU/MayaCRE-Modeling/files/GUID-C8EC81A1-46B2-498C-A759-7DC304D8B687.htm,High,,区域选择 / 表面,保护、隔离、隐藏、抽取或限制某些区域受影响。,
S156,1,ZBrush,MaskPen/PolyGroups,MaskPen,遮罩 / 隐藏 / 保护区域 / 权重绘制,F37,遮罩与权重影响场,作用域与组织,Brush/stroke,建立连续或离散权重以限制后续操作；主要效果：保护区域或调节影响强度,Z01,https://help.maxon.net/zbr/en-us/Content/html/reference-guide/brush/brush-types/brush-types.html,High,,区域选择 / 表面,保护、隔离、隐藏、抽取或限制某些区域受影响。,
S156,2,ZBrush,MaskPen/PolyGroups,PolyGroups,遮罩 / 隐藏 / 保护区域 / 权重绘制,F38,组件分组与区域选择定义,作用域与组织,Selection/control,记录离散选择、面集或多边形组；主要效果：界定后续操作范围,Z01,https://help.maxon.net/zbr/en-us/Content/html/reference-guide/brush/brush-types/brush-types.html,High,,区域选择 / 表面,保护、隔离、隐藏、抽取或限制某些区域受影响。,
S157,1,Nomad Sculpt,遮罩 / 隐藏 / 分离,遮罩,遮罩 / 隐藏 / 保护区域 / 权重绘制,F37,遮罩与权重影响场,作用域与组织,Brush/stroke,建立连续或离散权重以限制后续操作；主要效果：保护区域或调节影响强度,N01,https://nomadsculpt.com/manual/tools,High,,区域选择 / 表面,保护、隔离、隐藏、抽取或限制某些区域受影响。,
S157,2,Nomad Sculpt,遮罩 / 隐藏 / 分离,隐藏,遮罩 / 隐藏 / 保护区域 / 权重绘制,F39,可见性与隔离,作用域与组织,Selection/control,切换显示状态而不删除几何；主要效果：隐藏或隔离编辑区域,N01,https://nomadsculpt.com/manual/tools,High,,区域选择 / 表面,保护、隔离、隐藏、抽取或限制某些区域受影响。,
S157,3,Nomad Sculpt,遮罩 / 隐藏 / 分离,分离,遮罩 / 隐藏 / 保护区域 / 权重绘制,F40,对象与组件分离,作用域与组织,Selection/control,把选中部分拆分为独立对象；主要效果：分离对象边界或编辑单元,N04,https://nomadsculpt.com/manual/scene,High,,区域选择 / 表面,保护、隔离、隐藏、抽取或限制某些区域受影响。,
S158,1,Cinema 4D,冻结遮罩,冻结遮罩,遮罩 / 隐藏 / 保护区域 / 权重绘制,F37,遮罩与权重影响场,作用域与组织,Brush/stroke,建立连续或离散权重以限制后续操作；主要效果：保护区域或调节影响强度,C06,https://help.maxon.net/c4d/en-us/Content/html/49926.html,High,,区域选择 / 表面,保护、隔离、隐藏、抽取或限制某些区域受影响。,
S159,1,Houdini,Group/Paint/Visibility,Group/Paint,遮罩 / 隐藏 / 保护区域 / 权重绘制,F38,组件分组与区域选择定义,作用域与组织,Selection/control,记录离散选择、面集或多边形组；主要效果：界定后续操作范围,H07,https://www.sidefx.com/docs/houdini/nodes/sop/grouppaint.html,High,,区域选择 / 表面,保护、隔离、隐藏、抽取或限制某些区域受影响。,
S159,2,Houdini,Group/Paint/Visibility,Visibility,遮罩 / 隐藏 / 保护区域 / 权重绘制,F39,可见性与隔离,作用域与组织,Selection/control,切换显示状态而不删除几何；主要效果：隐藏或隔离编辑区域,H08,https://www.sidefx.com/docs/houdini/nodes/sop/visibility.html,High,,区域选择 / 表面,保护、隔离、隐藏、抽取或限制某些区域受影响。,
