software,native_tool,operation_family,geometry_level,geometry_effect,creative_scenario,operation_semantics,ai_available,semantic_replaceability,spatial_agency,system_decision,frontend_primitive,backend_action,coding_note
Blender,添加网格,基础体创建,对象 / 体积,添加立方体、球体、圆柱、平面、圆环、圆锥等起始形体。,从球体开始做头部；从方块搭建道具；搭角色身体体块。,形态部件——>geometry primitive——>语义基元？,有,High,Low,Semanticize,None,Semanticized Backend,可用目标、约束或语义指令表达，不必复现具体手势轨迹。 AI可用性原始标记=有；本结果仅为draft coding。
Maya,多边形基础体,基础体创建,对象 / 体积,添加立方体、球体、圆柱、平面、圆环、圆锥等起始形体。,从球体开始做头部；从方块搭建道具；搭角色身体体块。,形态部件——>geometry primitive——>语义基元？,有,High,Low,Semanticize,None,Semanticized Backend,可用目标、约束或语义指令表达，不必复现具体手势轨迹。 AI可用性原始标记=有；本结果仅为draft coding。
3ds Max,标准基础体,基础体创建,对象 / 体积,添加立方体、球体、圆柱、平面、圆环、圆锥等起始形体。,从球体开始做头部；从方块搭建道具；搭角色身体体块。,形态部件——>geometry primitive——>语义基元？,有,High,Low,Semanticize,None,Semanticized Backend,可用目标、约束或语义指令表达，不必复现具体手势轨迹。 AI可用性原始标记=有；本结果仅为draft coding。
Cinema 4D,基础对象,基础体创建,对象 / 体积,添加立方体、球体、圆柱、平面、圆环、圆锥等起始形体。,从球体开始做头部；从方块搭建道具；搭角色身体体块。,形态部件——>geometry primitive——>语义基元？,有,High,Low,Semanticize,None,Semanticized Backend,可用目标、约束或语义指令表达，不必复现具体手势轨迹。 AI可用性原始标记=有；本结果仅为draft coding。
ZBrush,工具基础体,基础体创建,对象 / 体积,添加立方体、球体、圆柱、平面、圆环、圆锥等起始形体。,从球体开始做头部；从方块搭建道具；搭角色身体体块。,形态部件——>geometry primitive——>语义基元？,有,High,Low,Semanticize,None,Semanticized Backend,可用目标、约束或语义指令表达，不必复现具体手势轨迹。 AI可用性原始标记=有；本结果仅为draft coding。
Nomad Sculpt,添加形状,基础体创建,对象 / 体积,添加立方体、球体、圆柱、平面、圆环、圆锥等起始形体。,从球体开始做头部；从方块搭建道具；搭角色身体体块。,形态部件——>geometry primitive——>语义基元？,有,High,Low,Semanticize,None,Semanticized Backend,可用目标、约束或语义指令表达，不必复现具体手势轨迹。 AI可用性原始标记=有；本结果仅为draft coding。
Houdini,Box/Sphere/Grid SOP,基础体创建,对象 / 体积,添加立方体、球体、圆柱、平面、圆环、圆锥等起始形体。,从球体开始做头部；从方块搭建道具；搭角色身体体块。,形态部件——>geometry primitive——>语义基元？,有,High,Low,Semanticize,None,Semanticized Backend,可用目标、约束或语义指令表达，不必复现具体手势轨迹。 AI可用性原始标记=有；本结果仅为draft coding。
Blender,贝塞尔曲线,曲线 / 样条绘制,曲线 / 线,创建导向曲线、路径、管状结构或轮廓线。,绘制角、头发路径、线缆、装饰轮廓、眼睑/嘴形曲线。,线段绘制（其实ai也能代替了）只是调用不同的模型,有,High,Low,Semanticize,None,Semanticized Backend,可用目标、约束或语义指令表达，不必复现具体手势轨迹。 AI可用性原始标记=有；本结果仅为draft coding。
Maya,CV/EP 曲线工具,曲线 / 样条绘制,曲线 / 线,创建导向曲线、路径、管状结构或轮廓线。,绘制角、头发路径、线缆、装饰轮廓、眼睑/嘴形曲线。,线段绘制（其实ai也能代替了）只是调用不同的模型,有,High,Low,Semanticize,None,Semanticized Backend,可用目标、约束或语义指令表达，不必复现具体手势轨迹。 AI可用性原始标记=有；本结果仅为draft coding。
3ds Max,线 / 样条,曲线 / 样条绘制,曲线 / 线,创建导向曲线、路径、管状结构或轮廓线。,绘制角、头发路径、线缆、装饰轮廓、眼睑/嘴形曲线。,线段绘制（其实ai也能代替了）只是调用不同的模型,有,High,Low,Semanticize,None,Semanticized Backend,可用目标、约束或语义指令表达，不必复现具体手势轨迹。 AI可用性原始标记=有；本结果仅为draft coding。
Cinema 4D,样条画笔,曲线 / 样条绘制,曲线 / 线,创建导向曲线、路径、管状结构或轮廓线。,绘制角、头发路径、线缆、装饰轮廓、眼睑/嘴形曲线。,线段绘制（其实ai也能代替了）只是调用不同的模型,有,High,Low,Semanticize,None,Semanticized Backend,可用目标、约束或语义指令表达，不必复现具体手势轨迹。 AI可用性原始标记=有；本结果仅为draft coding。
ZBrush,曲线笔刷,曲线 / 样条绘制,曲线 / 线,创建导向曲线、路径、管状结构或轮廓线。,绘制角、头发路径、线缆、装饰轮廓、眼睑/嘴形曲线。,线段绘制（其实ai也能代替了）只是调用不同的模型,有,High,Low,Semanticize,None,Semanticized Backend,可用目标、约束或语义指令表达，不必复现具体手势轨迹。 AI可用性原始标记=有；本结果仅为draft coding。
Nomad Sculpt,管状曲线,曲线 / 样条绘制,曲线 / 线,创建导向曲线、路径、管状结构或轮廓线。,绘制角、头发路径、线缆、装饰轮廓、眼睑/嘴形曲线。,线段绘制（其实ai也能代替了）只是调用不同的模型,有,High,Low,Semanticize,None,Semanticized Backend,可用目标、约束或语义指令表达，不必复现具体手势轨迹。 AI可用性原始标记=有；本结果仅为draft coding。
Houdini,Curve SOP,曲线 / 样条绘制,曲线 / 线,创建导向曲线、路径、管状结构或轮廓线。,绘制角、头发路径、线缆、装饰轮廓、眼睑/嘴形曲线。,线段绘制（其实ai也能代替了）只是调用不同的模型,有,High,Low,Semanticize,None,Semanticized Backend,可用目标、约束或语义指令表达，不必复现具体手势轨迹。 AI可用性原始标记=有；本结果仅为draft coding。
Blender,移动/旋转/缩放、变换操纵器,组件变换,点 / 边 / 面 / 对象,移动、旋转或缩放选中的组件或对象。,调整轮廓、定位五官、拉伸肢体、缩放道具部件。,空间定位,无,Low,High,Preserve,Drag,None,依赖局部空间位置、方向或连续操作，优先保留人的空间控制。 AI可用性原始标记=无；本结果仅为draft coding。
Maya,移动/旋转/缩放工具,组件变换,点 / 边 / 面 / 对象,移动、旋转或缩放选中的组件或对象。,调整轮廓、定位五官、拉伸肢体、缩放道具部件。,空间定位,无,Low,High,Preserve,Drag,None,依赖局部空间位置、方向或连续操作，优先保留人的空间控制。 AI可用性原始标记=无；本结果仅为draft coding。
3ds Max,选择并移动/旋转/缩放,组件变换,点 / 边 / 面 / 对象,移动、旋转或缩放选中的组件或对象。,调整轮廓、定位五官、拉伸肢体、缩放道具部件。,空间定位,无,Low,High,Preserve,Drag,None,依赖局部空间位置、方向或连续操作，优先保留人的空间控制。 AI可用性原始标记=无；本结果仅为draft coding。
Cinema 4D,移动/缩放/旋转,组件变换,点 / 边 / 面 / 对象,移动、旋转或缩放选中的组件或对象。,调整轮廓、定位五官、拉伸肢体、缩放道具部件。,空间定位,无,Low,High,Preserve,Drag,None,依赖局部空间位置、方向或连续操作，优先保留人的空间控制。 AI可用性原始标记=无；本结果仅为draft coding。
ZBrush,Gizmo 3D,组件变换,点 / 边 / 面 / 对象,移动、旋转或缩放选中的组件或对象。,调整轮廓、定位五官、拉伸肢体、缩放道具部件。,空间定位,无,Low,High,Preserve,Drag,None,依赖局部空间位置、方向或连续操作，优先保留人的空间控制。 AI可用性原始标记=无；本结果仅为draft coding。
Nomad Sculpt,Gizmo,组件变换,点 / 边 / 面 / 对象,移动、旋转或缩放选中的组件或对象。,调整轮廓、定位五官、拉伸肢体、缩放道具部件。,空间定位,无,Low,High,Preserve,Drag,None,依赖局部空间位置、方向或连续操作，优先保留人的空间控制。 AI可用性原始标记=无；本结果仅为draft coding。
Houdini,Edit/Transform SOP,组件变换,点 / 边 / 面 / 对象,移动、旋转或缩放选中的组件或对象。,调整轮廓、定位五官、拉伸肢体、缩放道具部件。,空间定位,无,Low,High,Preserve,Drag,None,依赖局部空间位置、方向或连续操作，优先保留人的空间控制。 AI可用性原始标记=无；本结果仅为draft coding。
Blender,吸附、轴向约束,吸附 / 对齐 / 约束,点 / 边 / 面 / 对象,按网格、轴向、表面、法线或参考对象放置几何。,对称放置、对齐硬表面面板、把眼睛贴到头部表面。,语义空间感知能力,无,Medium,Low,Semanticize,None,Semanticized Backend,可用目标、约束或语义指令表达，不必复现具体手势轨迹。 AI可用性原始标记=无；本结果仅为draft coding。
Maya,吸附到网格/点/曲线,吸附 / 对齐 / 约束,点 / 边 / 面 / 对象,按网格、轴向、表面、法线或参考对象放置几何。,对称放置、对齐硬表面面板、把眼睛贴到头部表面。,语义空间感知能力,无,Medium,Low,Semanticize,None,Semanticized Backend,可用目标、约束或语义指令表达，不必复现具体手势轨迹。 AI可用性原始标记=无；本结果仅为draft coding。
3ds Max,吸附开关、对齐,吸附 / 对齐 / 约束,点 / 边 / 面 / 对象,按网格、轴向、表面、法线或参考对象放置几何。,对称放置、对齐硬表面面板、把眼睛贴到头部表面。,语义空间感知能力,无,Medium,Low,Semanticize,None,Semanticized Backend,可用目标、约束或语义指令表达，不必复现具体手势轨迹。 AI可用性原始标记=无；本结果仅为draft coding。
Cinema 4D,吸附、轴心中心,吸附 / 对齐 / 约束,点 / 边 / 面 / 对象,按网格、轴向、表面、法线或参考对象放置几何。,对称放置、对齐硬表面面板、把眼睛贴到头部表面。,语义空间感知能力,无,Medium,Low,Semanticize,None,Semanticized Backend,可用目标、约束或语义指令表达，不必复现具体手势轨迹。 AI可用性原始标记=无；本结果仅为draft coding。
ZBrush,Gizmo 对齐,吸附 / 对齐 / 约束,点 / 边 / 面 / 对象,按网格、轴向、表面、法线或参考对象放置几何。,对称放置、对齐硬表面面板、把眼睛贴到头部表面。,语义空间感知能力,无,Medium,Low,Semanticize,None,Semanticized Backend,可用目标、约束或语义指令表达，不必复现具体手势轨迹。 AI可用性原始标记=无；本结果仅为draft coding。
Nomad Sculpt,吸附/Gizmo 对齐,吸附 / 对齐 / 约束,点 / 边 / 面 / 对象,按网格、轴向、表面、法线或参考对象放置几何。,对称放置、对齐硬表面面板、把眼睛贴到头部表面。,语义空间感知能力,无,Medium,Low,Semanticize,None,Semanticized Backend,可用目标、约束或语义指令表达，不必复现具体手势轨迹。 AI可用性原始标记=无；本结果仅为draft coding。
Houdini,Match Size/Transform 约束,吸附 / 对齐 / 约束,点 / 边 / 面 / 对象,按网格、轴向、表面、法线或参考对象放置几何。,对称放置、对齐硬表面面板、把眼睛贴到头部表面。,语义空间感知能力,无,Medium,Low,Semanticize,None,Semanticized Backend,可用目标、约束或语义指令表达，不必复现具体手势轨迹。 AI可用性原始标记=无；本结果仅为draft coding。
Blender,区域挤出,挤出,边 / 面 / 区域,把面、边或点拉出新的相连几何。,生长肢体、做嘴唇、拉出装甲面板、延展道具结构。,形态增减，更多也是感受上的，形态上的变化,无,Medium,Medium,Hybrid,Add,Hybrid Backend,涉及局部新增或连接，用户指定区域，后端完成几何执行。 AI可用性原始标记=无；本结果仅为draft coding。
Maya,挤出,挤出,边 / 面 / 区域,把面、边或点拉出新的相连几何。,生长肢体、做嘴唇、拉出装甲面板、延展道具结构。,形态增减，更多也是感受上的，形态上的变化,无,Medium,Medium,Hybrid,Add,Hybrid Backend,涉及局部新增或连接，用户指定区域，后端完成几何执行。 AI可用性原始标记=无；本结果仅为draft coding。
3ds Max,可编辑多边形挤出,挤出,边 / 面 / 区域,把面、边或点拉出新的相连几何。,生长肢体、做嘴唇、拉出装甲面板、延展道具结构。,形态增减，更多也是感受上的，形态上的变化,无,Medium,Medium,Hybrid,Add,Hybrid Backend,涉及局部新增或连接，用户指定区域，后端完成几何执行。 AI可用性原始标记=无；本结果仅为draft coding。
Cinema 4D,挤出,挤出,边 / 面 / 区域,把面、边或点拉出新的相连几何。,生长肢体、做嘴唇、拉出装甲面板、延展道具结构。,形态增减，更多也是感受上的，形态上的变化,无,Medium,Medium,Hybrid,Add,Hybrid Backend,涉及局部新增或连接，用户指定区域，后端完成几何执行。 AI可用性原始标记=无；本结果仅为draft coding。
Houdini,PolyExtrude SOP,挤出,边 / 面 / 区域,把面、边或点拉出新的相连几何。,生长肢体、做嘴唇、拉出装甲面板、延展道具结构。,形态增减，更多也是感受上的，形态上的变化,无,Medium,Medium,Hybrid,Add,Hybrid Backend,涉及局部新增或连接，用户指定区域，后端完成几何执行。 AI可用性原始标记=无；本结果仅为draft coding。
Blender,内插面,内插 / 内缩,面 / 区域,在选中面内部生成一圈内边界。,准备面板凹槽、眼窝、嘴部开口、凸起/凹陷细节。,需要定位点选，之后转换成语义即可,无,Medium,Low,Semanticize,None,Semanticized Backend,可用目标、约束或语义指令表达，不必复现具体手势轨迹。 AI可用性原始标记=无；本结果仅为draft coding。
Maya,挤出偏移流程,内插 / 内缩,面 / 区域,在选中面内部生成一圈内边界。,准备面板凹槽、眼窝、嘴部开口、凸起/凹陷细节。,需要定位点选，之后转换成语义即可,无,Medium,Low,Semanticize,None,Semanticized Backend,可用目标、约束或语义指令表达，不必复现具体手势轨迹。 AI可用性原始标记=无；本结果仅为draft coding。
3ds Max,内插,内插 / 内缩,面 / 区域,在选中面内部生成一圈内边界。,准备面板凹槽、眼窝、嘴部开口、凸起/凹陷细节。,需要定位点选，之后转换成语义即可,无,Medium,Low,Semanticize,None,Semanticized Backend,可用目标、约束或语义指令表达，不必复现具体手势轨迹。 AI可用性原始标记=无；本结果仅为draft coding。
Cinema 4D,内部挤出,内插 / 内缩,面 / 区域,在选中面内部生成一圈内边界。,准备面板凹槽、眼窝、嘴部开口、凸起/凹陷细节。,需要定位点选，之后转换成语义即可,无,Medium,Low,Semanticize,None,Semanticized Backend,可用目标、约束或语义指令表达，不必复现具体手势轨迹。 AI可用性原始标记=无；本结果仅为draft coding。
Houdini,PolyInset 工作流,内插 / 内缩,面 / 区域,在选中面内部生成一圈内边界。,准备面板凹槽、眼窝、嘴部开口、凸起/凹陷细节。,需要定位点选，之后转换成语义即可,无,Medium,Low,Semanticize,None,Semanticized Backend,可用目标、约束或语义指令表达，不必复现具体手势轨迹。 AI可用性原始标记=无；本结果仅为draft coding。
Blender,倒角,倒角 / 切角,边 / 点,把锐利边或点替换成圆滑或平直过渡。,软化硬边、增加高光线、做风格化厚重形体。,转换成语义即可,有,High,Low,Semanticize,None,Semanticized Backend,可用目标、约束或语义指令表达，不必复现具体手势轨迹。 AI可用性原始标记=有；本结果仅为draft coding。
Maya,倒角,倒角 / 切角,边 / 点,把锐利边或点替换成圆滑或平直过渡。,软化硬边、增加高光线、做风格化厚重形体。,转换成语义即可,有,High,Low,Semanticize,None,Semanticized Backend,可用目标、约束或语义指令表达，不必复现具体手势轨迹。 AI可用性原始标记=有；本结果仅为draft coding。
3ds Max,切角,倒角 / 切角,边 / 点,把锐利边或点替换成圆滑或平直过渡。,软化硬边、增加高光线、做风格化厚重形体。,转换成语义即可,有,High,Low,Semanticize,None,Semanticized Backend,可用目标、约束或语义指令表达，不必复现具体手势轨迹。 AI可用性原始标记=有；本结果仅为draft coding。
Cinema 4D,倒角,倒角 / 切角,边 / 点,把锐利边或点替换成圆滑或平直过渡。,软化硬边、增加高光线、做风格化厚重形体。,转换成语义即可,有,High,Low,Semanticize,None,Semanticized Backend,可用目标、约束或语义指令表达，不必复现具体手势轨迹。 AI可用性原始标记=有；本结果仅为draft coding。
Houdini,PolyBevel SOP,倒角 / 切角,边 / 点,把锐利边或点替换成圆滑或平直过渡。,软化硬边、增加高光线、做风格化厚重形体。,转换成语义即可,有,High,Low,Semanticize,None,Semanticized Backend,可用目标、约束或语义指令表达，不必复现具体手势轨迹。 AI可用性原始标记=有；本结果仅为draft coding。
Blender,环切,环切 / 连接边,边 / 面拓扑,在现有面上添加边环或连接边。,加支撑线、定义眼嘴拓扑、控制细分曲面。,转换成语义即可,有,High,Low,Semanticize,None,Semanticized Backend,可用目标、约束或语义指令表达，不必复现具体手势轨迹。 AI可用性原始标记=有；本结果仅为draft coding。
Maya,插入边环 / 多重切割,环切 / 连接边,边 / 面拓扑,在现有面上添加边环或连接边。,加支撑线、定义眼嘴拓扑、控制细分曲面。,转换成语义即可,有,High,Low,Semanticize,None,Semanticized Backend,可用目标、约束或语义指令表达，不必复现具体手势轨迹。 AI可用性原始标记=有；本结果仅为draft coding。
3ds Max,快速环切 / 连接,环切 / 连接边,边 / 面拓扑,在现有面上添加边环或连接边。,加支撑线、定义眼嘴拓扑、控制细分曲面。,转换成语义即可,有,High,Low,Semanticize,None,Semanticized Backend,可用目标、约束或语义指令表达，不必复现具体手势轨迹。 AI可用性原始标记=有；本结果仅为draft coding。
Cinema 4D,环切/路径切割,环切 / 连接边,边 / 面拓扑,在现有面上添加边环或连接边。,加支撑线、定义眼嘴拓扑、控制细分曲面。,转换成语义即可,有,High,Low,Semanticize,None,Semanticized Backend,可用目标、约束或语义指令表达，不必复现具体手势轨迹。 AI可用性原始标记=有；本结果仅为draft coding。
Houdini,PolySplit,环切 / 连接边,边 / 面拓扑,在现有面上添加边环或连接边。,加支撑线、定义眼嘴拓扑、控制细分曲面。,转换成语义即可,有,High,Low,Semanticize,None,Semanticized Backend,可用目标、约束或语义指令表达，不必复现具体手势轨迹。 AI可用性原始标记=有；本结果仅为draft coding。
Blender,刀切 / 二分,刀切 / 切片 / 平面切割,面 / 对象,用绘制或投射方式切开面、边或对象。,切面板缝、拆硬表面部件、刻裂缝或开孔。,转换成语义即可，可以手势操作引导环切和封口,无,Low,High,Preserve,Drag,None,依赖局部空间位置、方向或连续操作，优先保留人的空间控制。 AI可用性原始标记=无；本结果仅为draft coding。
Maya,多重切割,刀切 / 切片 / 平面切割,面 / 对象,用绘制或投射方式切开面、边或对象。,切面板缝、拆硬表面部件、刻裂缝或开孔。,转换成语义即可，可以手势操作引导环切和封口,无,Low,High,Preserve,Drag,None,依赖局部空间位置、方向或连续操作，优先保留人的空间控制。 AI可用性原始标记=无；本结果仅为draft coding。
3ds Max,切割 / 切片平面,刀切 / 切片 / 平面切割,面 / 对象,用绘制或投射方式切开面、边或对象。,切面板缝、拆硬表面部件、刻裂缝或开孔。,转换成语义即可，可以手势操作引导环切和封口,无,Low,High,Preserve,Drag,None,依赖局部空间位置、方向或连续操作，优先保留人的空间控制。 AI可用性原始标记=无；本结果仅为draft coding。
Cinema 4D,刀切 / 线切割,刀切 / 切片 / 平面切割,面 / 对象,用绘制或投射方式切开面、边或对象。,切面板缝、拆硬表面部件、刻裂缝或开孔。,转换成语义即可，可以手势操作引导环切和封口,无,Low,High,Preserve,Drag,None,依赖局部空间位置、方向或连续操作，优先保留人的空间控制。 AI可用性原始标记=无；本结果仅为draft coding。
Houdini,Knife/Clip/PolyCut,刀切 / 切片 / 平面切割,面 / 对象,用绘制或投射方式切开面、边或对象。,切面板缝、拆硬表面部件、刻裂缝或开孔。,转换成语义即可，可以手势操作引导环切和封口,无,Low,High,Preserve,Drag,None,依赖局部空间位置、方向或连续操作，优先保留人的空间控制。 AI可用性原始标记=无；本结果仅为draft coding。
Blender,桥接边环 / 网格填充,桥接 / 补面 / 封口,边环 / 洞 / 面,在边界之间生成面，或填补洞。,补洞、连接部件、删除后重建连续表面。,可以手势操作引导环切和封口,无,Medium,Medium,Hybrid,Add,Hybrid Backend,涉及局部新增或连接，用户指定区域，后端完成几何执行。 AI可用性原始标记=无；本结果仅为draft coding。
Maya,桥接 / 补洞,桥接 / 补面 / 封口,边环 / 洞 / 面,在边界之间生成面，或填补洞。,补洞、连接部件、删除后重建连续表面。,可以手势操作引导环切和封口,无,Medium,Medium,Hybrid,Add,Hybrid Backend,涉及局部新增或连接，用户指定区域，后端完成几何执行。 AI可用性原始标记=无；本结果仅为draft coding。
3ds Max,桥接 / 封口,桥接 / 补面 / 封口,边环 / 洞 / 面,在边界之间生成面，或填补洞。,补洞、连接部件、删除后重建连续表面。,可以手势操作引导环切和封口,无,Medium,Medium,Hybrid,Add,Hybrid Backend,涉及局部新增或连接，用户指定区域，后端完成几何执行。 AI可用性原始标记=无；本结果仅为draft coding。
Cinema 4D,桥接 / 关闭多边形洞,桥接 / 补面 / 封口,边环 / 洞 / 面,在边界之间生成面，或填补洞。,补洞、连接部件、删除后重建连续表面。,可以手势操作引导环切和封口,无,Medium,Medium,Hybrid,Add,Hybrid Backend,涉及局部新增或连接，用户指定区域，后端完成几何执行。 AI可用性原始标记=无；本结果仅为draft coding。
Houdini,PolyBridge/PolyFill,桥接 / 补面 / 封口,边环 / 洞 / 面,在边界之间生成面，或填补洞。,补洞、连接部件、删除后重建连续表面。,可以手势操作引导环切和封口,无,Medium,Medium,Hybrid,Add,Hybrid Backend,涉及局部新增或连接，用户指定区域，后端完成几何执行。 AI可用性原始标记=无；本结果仅为draft coding。
Blender,合并 / 焊接 / 溶解,合并 / 焊接 / 溶解,点 / 边 / 拓扑,合并顶点/边，或移除冗余拓扑。,清理拓扑、连接接缝、简化低面形体、修补网格问题。,相当于减少渲染负载，在可以保证效果的基础上,无,Medium,Low,Delegate,None,Delegated Backend,偏技术执行、表示转换、贴合或拓扑处理，适合后端代理。 AI可用性原始标记=无；本结果仅为draft coding。
Maya,合并 / 目标焊接,合并 / 焊接 / 溶解,点 / 边 / 拓扑,合并顶点/边，或移除冗余拓扑。,清理拓扑、连接接缝、简化低面形体、修补网格问题。,相当于减少渲染负载，在可以保证效果的基础上,无,Medium,Low,Delegate,None,Delegated Backend,偏技术执行、表示转换、贴合或拓扑处理，适合后端代理。 AI可用性原始标记=无；本结果仅为draft coding。
3ds Max,焊接 / 移除,合并 / 焊接 / 溶解,点 / 边 / 拓扑,合并顶点/边，或移除冗余拓扑。,清理拓扑、连接接缝、简化低面形体、修补网格问题。,相当于减少渲染负载，在可以保证效果的基础上,无,Medium,Low,Delegate,None,Delegated Backend,偏技术执行、表示转换、贴合或拓扑处理，适合后端代理。 AI可用性原始标记=无；本结果仅为draft coding。
Cinema 4D,焊接 / 优化,合并 / 焊接 / 溶解,点 / 边 / 拓扑,合并顶点/边，或移除冗余拓扑。,清理拓扑、连接接缝、简化低面形体、修补网格问题。,相当于减少渲染负载，在可以保证效果的基础上,无,Medium,Low,Delegate,None,Delegated Backend,偏技术执行、表示转换、贴合或拓扑处理，适合后端代理。 AI可用性原始标记=无；本结果仅为draft coding。
Houdini,Fuse/Dissolve,合并 / 焊接 / 溶解,点 / 边 / 拓扑,合并顶点/边，或移除冗余拓扑。,清理拓扑、连接接缝、简化低面形体、修补网格问题。,相当于减少渲染负载，在可以保证效果的基础上,无,Medium,Low,Delegate,None,Delegated Backend,偏技术执行、表示转换、贴合或拓扑处理，适合后端代理。 AI可用性原始标记=无；本结果仅为draft coding。
Blender,细分 / 细分曲面 / 体素重构,细分 / 平滑 / 重构网格,网格 / 拓扑密度,增加分辨率、做细分平滑，或重建网格拓扑。,增加雕刻细节、让低面形体变圆滑、重建脏拓扑。,相当于减少渲染负载，在可以保证效果的基础上,无,Medium,Medium,Hybrid,Smooth,Hybrid Backend,涉及局部平滑或重构，保留直觉调节并结合后端处理。 该混合类别同时含技术重构语义，建议逐项复核。 AI可用性原始标记=无；本结果仅为draft coding。
Maya,平滑 / 重构网格,细分 / 平滑 / 重构网格,网格 / 拓扑密度,增加分辨率、做细分平滑，或重建网格拓扑。,增加雕刻细节、让低面形体变圆滑、重建脏拓扑。,相当于减少渲染负载，在可以保证效果的基础上,无,Medium,Medium,Hybrid,Smooth,Hybrid Backend,涉及局部平滑或重构，保留直觉调节并结合后端处理。 该混合类别同时含技术重构语义，建议逐项复核。 AI可用性原始标记=无；本结果仅为draft coding。
3ds Max,TurboSmooth,细分 / 平滑 / 重构网格,网格 / 拓扑密度,增加分辨率、做细分平滑，或重建网格拓扑。,增加雕刻细节、让低面形体变圆滑、重建脏拓扑。,相当于减少渲染负载，在可以保证效果的基础上,无,Medium,Medium,Hybrid,Smooth,Hybrid Backend,涉及局部平滑或重构，保留直觉调节并结合后端处理。 该混合类别同时含技术重构语义，建议逐项复核。 AI可用性原始标记=无；本结果仅为draft coding。
Cinema 4D,细分曲面,细分 / 平滑 / 重构网格,网格 / 拓扑密度,增加分辨率、做细分平滑，或重建网格拓扑。,增加雕刻细节、让低面形体变圆滑、重建脏拓扑。,相当于减少渲染负载，在可以保证效果的基础上,无,Medium,Medium,Hybrid,Smooth,Hybrid Backend,涉及局部平滑或重构，保留直觉调节并结合后端处理。 该混合类别同时含技术重构语义，建议逐项复核。 AI可用性原始标记=无；本结果仅为draft coding。
ZBrush,Divide/Dynamesh/ZRemesher,细分 / 平滑 / 重构网格,网格 / 拓扑密度,增加分辨率、做细分平滑，或重建网格拓扑。,增加雕刻细节、让低面形体变圆滑、重建脏拓扑。,相当于减少渲染负载，在可以保证效果的基础上,无,Medium,Medium,Hybrid,Smooth,Hybrid Backend,涉及局部平滑或重构，保留直觉调节并结合后端处理。 该混合类别同时含技术重构语义，建议逐项复核。 AI可用性原始标记=无；本结果仅为draft coding。
Nomad Sculpt,体素重构,细分 / 平滑 / 重构网格,网格 / 拓扑密度,增加分辨率、做细分平滑，或重建网格拓扑。,增加雕刻细节、让低面形体变圆滑、重建脏拓扑。,相当于减少渲染负载，在可以保证效果的基础上,无,Medium,Medium,Hybrid,Smooth,Hybrid Backend,涉及局部平滑或重构，保留直觉调节并结合后端处理。 该混合类别同时含技术重构语义，建议逐项复核。 AI可用性原始标记=无；本结果仅为draft coding。
Houdini,Subdivide/Remesh,细分 / 平滑 / 重构网格,网格 / 拓扑密度,增加分辨率、做细分平滑，或重建网格拓扑。,增加雕刻细节、让低面形体变圆滑、重建脏拓扑。,相当于减少渲染负载，在可以保证效果的基础上,无,Medium,Medium,Hybrid,Smooth,Hybrid Backend,涉及局部平滑或重构，保留直觉调节并结合后端处理。 该混合类别同时含技术重构语义，建议逐项复核。 AI可用性原始标记=无；本结果仅为draft coding。
Blender,布尔修改器,布尔运算,对象 / 实体区域,计算几何之间的并集、差集或交集。,打孔、切装甲槽、组合基础体、制作机械结构。,智能融合，把两个东西融合起来,无,Medium,Low,Semanticize,None,Semanticized Backend,可用目标、约束或语义指令表达，不必复现具体手势轨迹。 AI可用性原始标记=无；本结果仅为draft coding。
Maya,布尔,布尔运算,对象 / 实体区域,计算几何之间的并集、差集或交集。,打孔、切装甲槽、组合基础体、制作机械结构。,智能融合，把两个东西融合起来,无,Medium,Low,Semanticize,None,Semanticized Backend,可用目标、约束或语义指令表达，不必复现具体手势轨迹。 AI可用性原始标记=无；本结果仅为draft coding。
3ds Max,布尔 / ProBoolean,布尔运算,对象 / 实体区域,计算几何之间的并集、差集或交集。,打孔、切装甲槽、组合基础体、制作机械结构。,智能融合，把两个东西融合起来,无,Medium,Low,Semanticize,None,Semanticized Backend,可用目标、约束或语义指令表达，不必复现具体手势轨迹。 AI可用性原始标记=无；本结果仅为draft coding。
Cinema 4D,Boole,布尔运算,对象 / 实体区域,计算几何之间的并集、差集或交集。,打孔、切装甲槽、组合基础体、制作机械结构。,智能融合，把两个东西融合起来,无,Medium,Low,Semanticize,None,Semanticized Backend,可用目标、约束或语义指令表达，不必复现具体手势轨迹。 AI可用性原始标记=无；本结果仅为draft coding。
ZBrush,Live Boolean,布尔运算,对象 / 实体区域,计算几何之间的并集、差集或交集。,打孔、切装甲槽、组合基础体、制作机械结构。,智能融合，把两个东西融合起来,无,Medium,Low,Semanticize,None,Semanticized Backend,可用目标、约束或语义指令表达，不必复现具体手势轨迹。 AI可用性原始标记=无；本结果仅为draft coding。
Nomad Sculpt,布尔,布尔运算,对象 / 实体区域,计算几何之间的并集、差集或交集。,打孔、切装甲槽、组合基础体、制作机械结构。,智能融合，把两个东西融合起来,无,Medium,Low,Semanticize,None,Semanticized Backend,可用目标、约束或语义指令表达，不必复现具体手势轨迹。 AI可用性原始标记=无；本结果仅为draft coding。
Houdini,Boolean SOP,布尔运算,对象 / 实体区域,计算几何之间的并集、差集或交集。,打孔、切装甲槽、组合基础体、制作机械结构。,智能融合，把两个东西融合起来,无,Medium,Low,Semanticize,None,Semanticized Backend,可用目标、约束或语义指令表达，不必复现具体手势轨迹。 AI可用性原始标记=无；本结果仅为draft coding。
Blender,实体化,实体化 /蒙皮等,表面 / 体积,给开放表面增加厚度或壳体体积。,做衣服、装甲、角、面具、外壳或薄片厚度。,布料模拟，皮肤模拟等,有,High,Low,Delegate,None,Delegated Backend,偏技术执行、表示转换、贴合或拓扑处理，适合后端代理。 AI可用性原始标记=有；本结果仅为draft coding。
Maya,挤出厚度,实体化 /蒙皮等,表面 / 体积,给开放表面增加厚度或壳体体积。,做衣服、装甲、角、面具、外壳或薄片厚度。,布料模拟，皮肤模拟等,有,High,Low,Delegate,None,Delegated Backend,偏技术执行、表示转换、贴合或拓扑处理，适合后端代理。 AI可用性原始标记=有；本结果仅为draft coding。
3ds Max,壳修改器,实体化 /蒙皮等,表面 / 体积,给开放表面增加厚度或壳体体积。,做衣服、装甲、角、面具、外壳或薄片厚度。,布料模拟，皮肤模拟等,有,High,Low,Delegate,None,Delegated Backend,偏技术执行、表示转换、贴合或拓扑处理，适合后端代理。 AI可用性原始标记=有；本结果仅为draft coding。
Cinema 4D,布料曲面厚度,实体化 /蒙皮等,表面 / 体积,给开放表面增加厚度或壳体体积。,做衣服、装甲、角、面具、外壳或薄片厚度。,布料模拟，皮肤模拟等,有,High,Low,Delegate,None,Delegated Backend,偏技术执行、表示转换、贴合或拓扑处理，适合后端代理。 AI可用性原始标记=有；本结果仅为draft coding。
ZBrush,Panel Loops/Extract,实体化 /蒙皮等,表面 / 体积,给开放表面增加厚度或壳体体积。,做衣服、装甲、角、面具、外壳或薄片厚度。,布料模拟，皮肤模拟等,有,High,Low,Delegate,None,Delegated Backend,偏技术执行、表示转换、贴合或拓扑处理，适合后端代理。 AI可用性原始标记=有；本结果仅为draft coding。
Nomad Sculpt,壳,实体化 /蒙皮等,表面 / 体积,给开放表面增加厚度或壳体体积。,做衣服、装甲、角、面具、外壳或薄片厚度。,布料模拟，皮肤模拟等,有,High,Low,Delegate,None,Delegated Backend,偏技术执行、表示转换、贴合或拓扑处理，适合后端代理。 AI可用性原始标记=有；本结果仅为draft coding。
Houdini,Solidify/PolyExtrude 厚度,实体化 /蒙皮等,表面 / 体积,给开放表面增加厚度或壳体体积。,做衣服、装甲、角、面具、外壳或薄片厚度。,布料模拟，皮肤模拟等,有,High,Low,Delegate,None,Delegated Backend,偏技术执行、表示转换、贴合或拓扑处理，适合后端代理。 AI可用性原始标记=有；本结果仅为draft coding。
Blender,镜像,镜像 / 对称,对象 / 组件 / 笔刷笔触,沿轴或平面对几何或笔触做镜像。,雕脸、四肢、角、对称道具，减少重复手工操作。,转换成语义即可,有,High,Low,Semanticize,None,Semanticized Backend,可用目标、约束或语义指令表达，不必复现具体手势轨迹。 AI可用性原始标记=有；本结果仅为draft coding。
Maya,镜像几何,镜像 / 对称,对象 / 组件 / 笔刷笔触,沿轴或平面对几何或笔触做镜像。,雕脸、四肢、角、对称道具，减少重复手工操作。,转换成语义即可,有,High,Low,Semanticize,None,Semanticized Backend,可用目标、约束或语义指令表达，不必复现具体手势轨迹。 AI可用性原始标记=有；本结果仅为draft coding。
3ds Max,对称,镜像 / 对称,对象 / 组件 / 笔刷笔触,沿轴或平面对几何或笔触做镜像。,雕脸、四肢、角、对称道具，减少重复手工操作。,转换成语义即可,有,High,Low,Semanticize,None,Semanticized Backend,可用目标、约束或语义指令表达，不必复现具体手势轨迹。 AI可用性原始标记=有；本结果仅为draft coding。
Cinema 4D,对称对象,镜像 / 对称,对象 / 组件 / 笔刷笔触,沿轴或平面对几何或笔触做镜像。,雕脸、四肢、角、对称道具，减少重复手工操作。,转换成语义即可,有,High,Low,Semanticize,None,Semanticized Backend,可用目标、约束或语义指令表达，不必复现具体手势轨迹。 AI可用性原始标记=有；本结果仅为draft coding。
ZBrush,启用对称,镜像 / 对称,对象 / 组件 / 笔刷笔触,沿轴或平面对几何或笔触做镜像。,雕脸、四肢、角、对称道具，减少重复手工操作。,转换成语义即可,有,High,Low,Semanticize,None,Semanticized Backend,可用目标、约束或语义指令表达，不必复现具体手势轨迹。 AI可用性原始标记=有；本结果仅为draft coding。
Nomad Sculpt,对称,镜像 / 对称,对象 / 组件 / 笔刷笔触,沿轴或平面对几何或笔触做镜像。,雕脸、四肢、角、对称道具，减少重复手工操作。,转换成语义即可,有,High,Low,Semanticize,None,Semanticized Backend,可用目标、约束或语义指令表达，不必复现具体手势轨迹。 AI可用性原始标记=有；本结果仅为draft coding。
Houdini,Mirror SOP,镜像 / 对称,对象 / 组件 / 笔刷笔触,沿轴或平面对几何或笔触做镜像。,雕脸、四肢、角、对称道具，减少重复手工操作。,转换成语义即可,有,High,Low,Semanticize,None,Semanticized Backend,可用目标、约束或语义指令表达，不必复现具体手势轨迹。 AI可用性原始标记=有；本结果仅为draft coding。
Blender,阵列,阵列 / 重复复制,对象 / 组件 / 实例,线性、径向、沿路径或以实例方式重复几何。,牙齿、鳞片、尖刺、螺栓、发束、重复装饰元素。,转换成语义即可,有,High,Low,Semanticize,None,Semanticized Backend,可用目标、约束或语义指令表达，不必复现具体手势轨迹。 AI可用性原始标记=有；本结果仅为draft coding。
Maya,特殊复制 / MASH,阵列 / 重复复制,对象 / 组件 / 实例,线性、径向、沿路径或以实例方式重复几何。,牙齿、鳞片、尖刺、螺栓、发束、重复装饰元素。,转换成语义即可,有,High,Low,Semanticize,None,Semanticized Backend,可用目标、约束或语义指令表达，不必复现具体手势轨迹。 AI可用性原始标记=有；本结果仅为draft coding。
3ds Max,阵列,阵列 / 重复复制,对象 / 组件 / 实例,线性、径向、沿路径或以实例方式重复几何。,牙齿、鳞片、尖刺、螺栓、发束、重复装饰元素。,转换成语义即可,有,High,Low,Semanticize,None,Semanticized Backend,可用目标、约束或语义指令表达，不必复现具体手势轨迹。 AI可用性原始标记=有；本结果仅为draft coding。
Cinema 4D,克隆器,阵列 / 重复复制,对象 / 组件 / 实例,线性、径向、沿路径或以实例方式重复几何。,牙齿、鳞片、尖刺、螺栓、发束、重复装饰元素。,转换成语义即可,有,High,Low,Semanticize,None,Semanticized Backend,可用目标、约束或语义指令表达，不必复现具体手势轨迹。 AI可用性原始标记=有；本结果仅为draft coding。
ZBrush,ArrayMesh/NanoMesh,阵列 / 重复复制,对象 / 组件 / 实例,线性、径向、沿路径或以实例方式重复几何。,牙齿、鳞片、尖刺、螺栓、发束、重复装饰元素。,转换成语义即可,有,High,Low,Semanticize,None,Semanticized Backend,可用目标、约束或语义指令表达，不必复现具体手势轨迹。 AI可用性原始标记=有；本结果仅为draft coding。
Nomad Sculpt,重复,阵列 / 重复复制,对象 / 组件 / 实例,线性、径向、沿路径或以实例方式重复几何。,牙齿、鳞片、尖刺、螺栓、发束、重复装饰元素。,转换成语义即可,有,High,Low,Semanticize,None,Semanticized Backend,可用目标、约束或语义指令表达，不必复现具体手势轨迹。 AI可用性原始标记=有；本结果仅为draft coding。
Houdini,Copy to Points,阵列 / 重复复制,对象 / 组件 / 实例,线性、径向、沿路径或以实例方式重复几何。,牙齿、鳞片、尖刺、螺栓、发束、重复装饰元素。,转换成语义即可,有,High,Low,Semanticize,None,Semanticized Backend,可用目标、约束或语义指令表达，不必复现具体手势轨迹。 AI可用性原始标记=有；本结果仅为draft coding。
Blender,简单变形,弯曲 / 扭转 / 锥化,对象 / 区域,对已有几何做整体或局部弯曲、扭转、锥化或扭曲。,弯角、摆头发、风格化道具、夸张身体部位。,拖拽,无,Low,High,Preserve,Drag,None,依赖局部空间位置、方向或连续操作，优先保留人的空间控制。 AI可用性原始标记=无；本结果仅为draft coding。
Maya,弯曲 / 扭转 / 张开,弯曲 / 扭转 / 锥化,对象 / 区域,对已有几何做整体或局部弯曲、扭转、锥化或扭曲。,弯角、摆头发、风格化道具、夸张身体部位。,拖拽,无,Low,High,Preserve,Drag,None,依赖局部空间位置、方向或连续操作，优先保留人的空间控制。 AI可用性原始标记=无；本结果仅为draft coding。
3ds Max,弯曲 / 扭转 / 锥化,弯曲 / 扭转 / 锥化,对象 / 区域,对已有几何做整体或局部弯曲、扭转、锥化或扭曲。,弯角、摆头发、风格化道具、夸张身体部位。,拖拽,无,Low,High,Preserve,Drag,None,依赖局部空间位置、方向或连续操作，优先保留人的空间控制。 AI可用性原始标记=无；本结果仅为draft coding。
Cinema 4D,弯曲 / 扭转 / 锥化,弯曲 / 扭转 / 锥化,对象 / 区域,对已有几何做整体或局部弯曲、扭转、锥化或扭曲。,弯角、摆头发、风格化道具、夸张身体部位。,拖拽,无,Low,High,Preserve,Drag,None,依赖局部空间位置、方向或连续操作，优先保留人的空间控制。 AI可用性原始标记=无；本结果仅为draft coding。
ZBrush,Gizmo 变形器,弯曲 / 扭转 / 锥化,对象 / 区域,对已有几何做整体或局部弯曲、扭转、锥化或扭曲。,弯角、摆头发、风格化道具、夸张身体部位。,拖拽,无,Low,High,Preserve,Drag,None,依赖局部空间位置、方向或连续操作，优先保留人的空间控制。 AI可用性原始标记=无；本结果仅为draft coding。
Nomad Sculpt,弯曲 / 扭转,弯曲 / 扭转 / 锥化,对象 / 区域,对已有几何做整体或局部弯曲、扭转、锥化或扭曲。,弯角、摆头发、风格化道具、夸张身体部位。,拖拽,无,Low,High,Preserve,Drag,None,依赖局部空间位置、方向或连续操作，优先保留人的空间控制。 AI可用性原始标记=无；本结果仅为draft coding。
Houdini,Bend/Twist/Lattice,弯曲 / 扭转 / 锥化,对象 / 区域,对已有几何做整体或局部弯曲、扭转、锥化或扭曲。,弯角、摆头发、风格化道具、夸张身体部位。,拖拽,无,Low,High,Preserve,Drag,None,依赖局部空间位置、方向或连续操作，优先保留人的空间控制。 AI可用性原始标记=无；本结果仅为draft coding。
Blender,比例编辑 / 晶格,晶格 / 软选择变形,组件 / 区域 / 控制笼,通过衰减或控制笼移动区域。,无硬边地细化轮廓、重塑脸部、摆有机体块。,形状上的变形，类似于我们要保留地拖拽,无,Low,High,Preserve,Drag,None,依赖局部空间位置、方向或连续操作，优先保留人的空间控制。 AI可用性原始标记=无；本结果仅为draft coding。
Maya,软选择 / 晶格,晶格 / 软选择变形,组件 / 区域 / 控制笼,通过衰减或控制笼移动区域。,无硬边地细化轮廓、重塑脸部、摆有机体块。,形状上的变形，类似于我们要保留地拖拽,无,Low,High,Preserve,Drag,None,依赖局部空间位置、方向或连续操作，优先保留人的空间控制。 AI可用性原始标记=无；本结果仅为draft coding。
3ds Max,软选择 / FFD,晶格 / 软选择变形,组件 / 区域 / 控制笼,通过衰减或控制笼移动区域。,无硬边地细化轮廓、重塑脸部、摆有机体块。,形状上的变形，类似于我们要保留地拖拽,无,Low,High,Preserve,Drag,None,依赖局部空间位置、方向或连续操作，优先保留人的空间控制。 AI可用性原始标记=无；本结果仅为draft coding。
Cinema 4D,FFD,晶格 / 软选择变形,组件 / 区域 / 控制笼,通过衰减或控制笼移动区域。,无硬边地细化轮廓、重塑脸部、摆有机体块。,形状上的变形，类似于我们要保留地拖拽,无,Low,High,Preserve,Drag,None,依赖局部空间位置、方向或连续操作，优先保留人的空间控制。 AI可用性原始标记=无；本结果仅为draft coding。
ZBrush,Gizmo 衰减,晶格 / 软选择变形,组件 / 区域 / 控制笼,通过衰减或控制笼移动区域。,无硬边地细化轮廓、重塑脸部、摆有机体块。,形状上的变形，类似于我们要保留地拖拽,无,Low,High,Preserve,Drag,None,依赖局部空间位置、方向或连续操作，优先保留人的空间控制。 AI可用性原始标记=无；本结果仅为draft coding。
Nomad Sculpt,带衰减移动,晶格 / 软选择变形,组件 / 区域 / 控制笼,通过衰减或控制笼移动区域。,无硬边地细化轮廓、重塑脸部、摆有机体块。,形状上的变形，类似于我们要保留地拖拽,无,Low,High,Preserve,Drag,None,依赖局部空间位置、方向或连续操作，优先保留人的空间控制。 AI可用性原始标记=无；本结果仅为draft coding。
Houdini,Lattice/Edit,晶格 / 软选择变形,组件 / 区域 / 控制笼,通过衰减或控制笼移动区域。,无硬边地细化轮廓、重塑脸部、摆有机体块。,形状上的变形，类似于我们要保留地拖拽,无,Low,High,Preserve,Drag,None,依赖局部空间位置、方向或连续操作，优先保留人的空间控制。 AI可用性原始标记=无；本结果仅为draft coding。
Blender,旋转 / 螺旋,车削 / 旋转成形,曲线 / 剖面 / 曲面,把剖面绕轴旋转生成曲面。,杯子、花瓶、角、眼球、圆形装饰、旋转体道具。,转换成语义,无,Medium,Low,Semanticize,None,Semanticized Backend,可用目标、约束或语义指令表达，不必复现具体手势轨迹。 AI可用性原始标记=无；本结果仅为draft coding。
Maya,旋转成形,车削 / 旋转成形,曲线 / 剖面 / 曲面,把剖面绕轴旋转生成曲面。,杯子、花瓶、角、眼球、圆形装饰、旋转体道具。,转换成语义,无,Medium,Low,Semanticize,None,Semanticized Backend,可用目标、约束或语义指令表达，不必复现具体手势轨迹。 AI可用性原始标记=无；本结果仅为draft coding。
3ds Max,车削,车削 / 旋转成形,曲线 / 剖面 / 曲面,把剖面绕轴旋转生成曲面。,杯子、花瓶、角、眼球、圆形装饰、旋转体道具。,转换成语义,无,Medium,Low,Semanticize,None,Semanticized Backend,可用目标、约束或语义指令表达，不必复现具体手势轨迹。 AI可用性原始标记=无；本结果仅为draft coding。
Cinema 4D,车削,车削 / 旋转成形,曲线 / 剖面 / 曲面,把剖面绕轴旋转生成曲面。,杯子、花瓶、角、眼球、圆形装饰、旋转体道具。,转换成语义,无,Medium,Low,Semanticize,None,Semanticized Backend,可用目标、约束或语义指令表达，不必复现具体手势轨迹。 AI可用性原始标记=无；本结果仅为draft coding。
Nomad Sculpt,车削,车削 / 旋转成形,曲线 / 剖面 / 曲面,把剖面绕轴旋转生成曲面。,杯子、花瓶、角、眼球、圆形装饰、旋转体道具。,转换成语义,无,Medium,Low,Semanticize,None,Semanticized Backend,可用目标、约束或语义指令表达，不必复现具体手势轨迹。 AI可用性原始标记=无；本结果仅为draft coding。
Houdini,Revolve,车削 / 旋转成形,曲线 / 剖面 / 曲面,把剖面绕轴旋转生成曲面。,杯子、花瓶、角、眼球、圆形装饰、旋转体道具。,转换成语义,无,Medium,Low,Semanticize,None,Semanticized Backend,可用目标、约束或语义指令表达，不必复现具体手势轨迹。 AI可用性原始标记=无；本结果仅为draft coding。
Blender,曲线倒角 / Skin,扫掠 / 放样 / 蒙皮,曲线 / 剖面 / 曲面,由路径、剖面、导轨或截面生成曲面。,头发管、触手、带子、线缆、角、丝带、风格化肢体。,空间中定位加人的手势操作引导+语言或许可以解决。,无,Medium,Medium,Hybrid,Add,Hybrid Backend,涉及局部新增或连接，用户指定区域，后端完成几何执行。 AI可用性原始标记=无；本结果仅为draft coding。
Maya,扫掠网格 / 放样,扫掠 / 放样 / 蒙皮,曲线 / 剖面 / 曲面,由路径、剖面、导轨或截面生成曲面。,头发管、触手、带子、线缆、角、丝带、风格化肢体。,空间中定位加人的手势操作引导+语言或许可以解决。,无,Medium,Medium,Hybrid,Add,Hybrid Backend,涉及局部新增或连接，用户指定区域，后端完成几何执行。 AI可用性原始标记=无；本结果仅为draft coding。
3ds Max,扫掠 / 放样,扫掠 / 放样 / 蒙皮,曲线 / 剖面 / 曲面,由路径、剖面、导轨或截面生成曲面。,头发管、触手、带子、线缆、角、丝带、风格化肢体。,空间中定位加人的手势操作引导+语言或许可以解决。,无,Medium,Medium,Hybrid,Add,Hybrid Backend,涉及局部新增或连接，用户指定区域，后端完成几何执行。 AI可用性原始标记=无；本结果仅为draft coding。
Cinema 4D,扫掠 / 放样,扫掠 / 放样 / 蒙皮,曲线 / 剖面 / 曲面,由路径、剖面、导轨或截面生成曲面。,头发管、触手、带子、线缆、角、丝带、风格化肢体。,空间中定位加人的手势操作引导+语言或许可以解决。,无,Medium,Medium,Hybrid,Add,Hybrid Backend,涉及局部新增或连接，用户指定区域，后端完成几何执行。 AI可用性原始标记=无；本结果仅为draft coding。
ZBrush,CurveTube,扫掠 / 放样 / 蒙皮,曲线 / 剖面 / 曲面,由路径、剖面、导轨或截面生成曲面。,头发管、触手、带子、线缆、角、丝带、风格化肢体。,空间中定位加人的手势操作引导+语言或许可以解决。,无,Medium,Medium,Hybrid,Add,Hybrid Backend,涉及局部新增或连接，用户指定区域，后端完成几何执行。 AI可用性原始标记=无；本结果仅为draft coding。
Nomad Sculpt,沿路径生成管,扫掠 / 放样 / 蒙皮,曲线 / 剖面 / 曲面,由路径、剖面、导轨或截面生成曲面。,头发管、触手、带子、线缆、角、丝带、风格化肢体。,空间中定位加人的手势操作引导+语言或许可以解决。,无,Medium,Medium,Hybrid,Add,Hybrid Backend,涉及局部新增或连接，用户指定区域，后端完成几何执行。 AI可用性原始标记=无；本结果仅为draft coding。
Houdini,Sweep/Skin,扫掠 / 放样 / 蒙皮,曲线 / 剖面 / 曲面,由路径、剖面、导轨或截面生成曲面。,头发管、触手、带子、线缆、角、丝带、风格化肢体。,空间中定位加人的手势操作引导+语言或许可以解决。,无,Medium,Medium,Hybrid,Add,Hybrid Backend,涉及局部新增或连接，用户指定区域，后端完成几何执行。 AI可用性原始标记=无；本结果仅为draft coding。
Blender,收缩包裹,投射 / 贴合 / 收缩包裹,表面 / 网格 / 目标,让几何贴合目标表面、导向或投射方向。,重拓扑、衣服贴合身体、把表面细节贴到底模上。,拖拽,无,Medium,Low,Delegate,None,Delegated Backend,偏技术执行、表示转换、贴合或拓扑处理，适合后端代理。 AI可用性原始标记=无；本结果仅为draft coding。
Maya,ShrinkWrap / Quad Draw Live,投射 / 贴合 / 收缩包裹,表面 / 网格 / 目标,让几何贴合目标表面、导向或投射方向。,重拓扑、衣服贴合身体、把表面细节贴到底模上。,拖拽,无,Medium,Low,Delegate,None,Delegated Backend,偏技术执行、表示转换、贴合或拓扑处理，适合后端代理。 AI可用性原始标记=无；本结果仅为draft coding。
3ds Max,贴合,投射 / 贴合 / 收缩包裹,表面 / 网格 / 目标,让几何贴合目标表面、导向或投射方向。,重拓扑、衣服贴合身体、把表面细节贴到底模上。,拖拽,无,Medium,Low,Delegate,None,Delegated Backend,偏技术执行、表示转换、贴合或拓扑处理，适合后端代理。 AI可用性原始标记=无；本结果仅为draft coding。
Cinema 4D,收缩包裹,投射 / 贴合 / 收缩包裹,表面 / 网格 / 目标,让几何贴合目标表面、导向或投射方向。,重拓扑、衣服贴合身体、把表面细节贴到底模上。,拖拽,无,Medium,Low,Delegate,None,Delegated Backend,偏技术执行、表示转换、贴合或拓扑处理，适合后端代理。 AI可用性原始标记=无；本结果仅为draft coding。
ZBrush,Project All,投射 / 贴合 / 收缩包裹,表面 / 网格 / 目标,让几何贴合目标表面、导向或投射方向。,重拓扑、衣服贴合身体、把表面细节贴到底模上。,拖拽,无,Medium,Low,Delegate,None,Delegated Backend,偏技术执行、表示转换、贴合或拓扑处理，适合后端代理。 AI可用性原始标记=无；本结果仅为draft coding。
Nomad Sculpt,投射 / 吸附,投射 / 贴合 / 收缩包裹,表面 / 网格 / 目标,让几何贴合目标表面、导向或投射方向。,重拓扑、衣服贴合身体、把表面细节贴到底模上。,拖拽,无,Medium,Low,Delegate,None,Delegated Backend,偏技术执行、表示转换、贴合或拓扑处理，适合后端代理。 AI可用性原始标记=无；本结果仅为draft coding。
Houdini,Ray/Shrinkwrap,投射 / 贴合 / 收缩包裹,表面 / 网格 / 目标,让几何贴合目标表面、导向或投射方向。,重拓扑、衣服贴合身体、把表面细节贴到底模上。,拖拽,无,Medium,Low,Delegate,None,Delegated Backend,偏技术执行、表示转换、贴合或拓扑处理，适合后端代理。 AI可用性原始标记=无；本结果仅为draft coding。
Blender,抓取 / 弹性变形,雕刻抓取 / 移动,笔刷区域 / 表面,用笔刷衰减拉动或推动局部表面。,塑造头部轮廓、拉鼻子/耳朵/角、粗调有机比例。,拖拽,无,Low,High,Preserve,Drag,None,依赖局部空间位置、方向或连续操作，优先保留人的空间控制。 AI可用性原始标记=无；本结果仅为draft coding。
Maya,雕刻移动,雕刻抓取 / 移动,笔刷区域 / 表面,用笔刷衰减拉动或推动局部表面。,塑造头部轮廓、拉鼻子/耳朵/角、粗调有机比例。,拖拽,无,Low,High,Preserve,Drag,None,依赖局部空间位置、方向或连续操作，优先保留人的空间控制。 AI可用性原始标记=无；本结果仅为draft coding。
ZBrush,Move/SnakeHook,雕刻抓取 / 移动,笔刷区域 / 表面,用笔刷衰减拉动或推动局部表面。,塑造头部轮廓、拉鼻子/耳朵/角、粗调有机比例。,拖拽,无,Low,High,Preserve,Drag,None,依赖局部空间位置、方向或连续操作，优先保留人的空间控制。 AI可用性原始标记=无；本结果仅为draft coding。
Nomad Sculpt,移动 / 拖拽,雕刻抓取 / 移动,笔刷区域 / 表面,用笔刷衰减拉动或推动局部表面。,塑造头部轮廓、拉鼻子/耳朵/角、粗调有机比例。,拖拽,无,Low,High,Preserve,Drag,None,依赖局部空间位置、方向或连续操作，优先保留人的空间控制。 AI可用性原始标记=无；本结果仅为draft coding。
Cinema 4D,雕刻拉动 / 抓取,雕刻抓取 / 移动,笔刷区域 / 表面,用笔刷衰减拉动或推动局部表面。,塑造头部轮廓、拉鼻子/耳朵/角、粗调有机比例。,拖拽,无,Low,High,Preserve,Drag,None,依赖局部空间位置、方向或连续操作，优先保留人的空间控制。 AI可用性原始标记=无；本结果仅为draft coding。
Houdini,Sculpt/Edit,雕刻抓取 / 移动,笔刷区域 / 表面,用笔刷衰减拉动或推动局部表面。,塑造头部轮廓、拉鼻子/耳朵/角、粗调有机比例。,拖拽,无,Low,High,Preserve,Drag,None,依赖局部空间位置、方向或连续操作，优先保留人的空间控制。 AI可用性原始标记=无；本结果仅为draft coding。
Blender,黏土 / 黏土条,雕刻黏土 / 堆体积,笔刷区域 / 体积,像黏土一样通过笔触添加或削减体积。,堆脸颊、肌肉、布褶、生物解剖、风格化头发体积。,人手的操作，类似于绘画,无,Medium,Medium,Hybrid,Add,Hybrid Backend,涉及局部新增或连接，用户指定区域，后端完成几何执行。 AI可用性原始标记=无；本结果仅为draft coding。
ZBrush,ClayBuildup/Standard,雕刻黏土 / 堆体积,笔刷区域 / 体积,像黏土一样通过笔触添加或削减体积。,堆脸颊、肌肉、布褶、生物解剖、风格化头发体积。,人手的操作，类似于绘画,无,Medium,Medium,Hybrid,Add,Hybrid Backend,涉及局部新增或连接，用户指定区域，后端完成几何执行。 AI可用性原始标记=无；本结果仅为draft coding。
Nomad Sculpt,黏土 / 堆叠,雕刻黏土 / 堆体积,笔刷区域 / 体积,像黏土一样通过笔触添加或削减体积。,堆脸颊、肌肉、布褶、生物解剖、风格化头发体积。,人手的操作，类似于绘画,无,Medium,Medium,Hybrid,Add,Hybrid Backend,涉及局部新增或连接，用户指定区域，后端完成几何执行。 AI可用性原始标记=无；本结果仅为draft coding。
Cinema 4D,Wax/Pull,雕刻黏土 / 堆体积,笔刷区域 / 体积,像黏土一样通过笔触添加或削减体积。,堆脸颊、肌肉、布褶、生物解剖、风格化头发体积。,人手的操作，类似于绘画,无,Medium,Medium,Hybrid,Add,Hybrid Backend,涉及局部新增或连接，用户指定区域，后端完成几何执行。 AI可用性原始标记=无；本结果仅为draft coding。
Houdini,Curve Clay/Sculpt,雕刻黏土 / 堆体积,笔刷区域 / 体积,像黏土一样通过笔触添加或削减体积。,堆脸颊、肌肉、布褶、生物解剖、风格化头发体积。,人手的操作，类似于绘画,无,Medium,Medium,Hybrid,Add,Hybrid Backend,涉及局部新增或连接，用户指定区域，后端完成几何执行。 AI可用性原始标记=无；本结果仅为draft coding。
Blender,平滑 / 压平 / 放松,雕刻平滑 / 压平 / 放松,笔刷区域 / 表面,减少凹凸、压平平面或放松不规则网格。,整理表面、去除雕刻噪声、制造平面化风格。,不同的雕刻笔刷，可能新界面还是需要保留,无,Medium,Medium,Hybrid,Smooth,Hybrid Backend,涉及局部平滑或重构，保留直觉调节并结合后端处理。 AI可用性原始标记=无；本结果仅为draft coding。
ZBrush,Smooth/TrimDynamic/HPolish,雕刻平滑 / 压平 / 放松,笔刷区域 / 表面,减少凹凸、压平平面或放松不规则网格。,整理表面、去除雕刻噪声、制造平面化风格。,不同的雕刻笔刷，可能新界面还是需要保留,无,Medium,Medium,Hybrid,Smooth,Hybrid Backend,涉及局部平滑或重构，保留直觉调节并结合后端处理。 AI可用性原始标记=无；本结果仅为draft coding。
Nomad Sculpt,平滑 / 压平 / 抛光,雕刻平滑 / 压平 / 放松,笔刷区域 / 表面,减少凹凸、压平平面或放松不规则网格。,整理表面、去除雕刻噪声、制造平面化风格。,不同的雕刻笔刷，可能新界面还是需要保留,无,Medium,Medium,Hybrid,Smooth,Hybrid Backend,涉及局部平滑或重构，保留直觉调节并结合后端处理。 AI可用性原始标记=无；本结果仅为draft coding。
Cinema 4D,平滑 / 压平,雕刻平滑 / 压平 / 放松,笔刷区域 / 表面,减少凹凸、压平平面或放松不规则网格。,整理表面、去除雕刻噪声、制造平面化风格。,不同的雕刻笔刷，可能新界面还是需要保留,无,Medium,Medium,Hybrid,Smooth,Hybrid Backend,涉及局部平滑或重构，保留直觉调节并结合后端处理。 AI可用性原始标记=无；本结果仅为draft coding。
Houdini,Smooth/Sculpt,雕刻平滑 / 压平 / 放松,笔刷区域 / 表面,减少凹凸、压平平面或放松不规则网格。,整理表面、去除雕刻噪声、制造平面化风格。,不同的雕刻笔刷，可能新界面还是需要保留,无,Medium,Medium,Hybrid,Smooth,Hybrid Backend,涉及局部平滑或重构，保留直觉调节并结合后端处理。 AI可用性原始标记=无；本结果仅为draft coding。
Blender,膨胀 / 收紧 / 刻痕,雕刻膨胀 / 收紧 / 刻痕,笔刷区域 / 细节,让局部膨胀、夹紧，或刻出锐利褶皱/沟槽。,眼睑、嘴唇、皱纹、发槽、布褶、有机锐利细节。,也算是直觉型操作,无,Low,High,Preserve,Drag,None,依赖局部空间位置、方向或连续操作，优先保留人的空间控制。 AI可用性原始标记=无；本结果仅为draft coding。
ZBrush,Inflate/Pinch/DamStandard,雕刻膨胀 / 收紧 / 刻痕,笔刷区域 / 细节,让局部膨胀、夹紧，或刻出锐利褶皱/沟槽。,眼睑、嘴唇、皱纹、发槽、布褶、有机锐利细节。,也算是直觉型操作,无,Low,High,Preserve,Drag,None,依赖局部空间位置、方向或连续操作，优先保留人的空间控制。 AI可用性原始标记=无；本结果仅为draft coding。
Nomad Sculpt,膨胀 / 收紧 / 刻痕,雕刻膨胀 / 收紧 / 刻痕,笔刷区域 / 细节,让局部膨胀、夹紧，或刻出锐利褶皱/沟槽。,眼睑、嘴唇、皱纹、发槽、布褶、有机锐利细节。,也算是直觉型操作,无,Low,High,Preserve,Drag,None,依赖局部空间位置、方向或连续操作，优先保留人的空间控制。 AI可用性原始标记=无；本结果仅为draft coding。
Cinema 4D,膨胀 / 收紧,雕刻膨胀 / 收紧 / 刻痕,笔刷区域 / 细节,让局部膨胀、夹紧，或刻出锐利褶皱/沟槽。,眼睑、嘴唇、皱纹、发槽、布褶、有机锐利细节。,也算是直觉型操作,无,Low,High,Preserve,Drag,None,依赖局部空间位置、方向或连续操作，优先保留人的空间控制。 AI可用性原始标记=无；本结果仅为draft coding。
Houdini,Sculpt/Paint,雕刻膨胀 / 收紧 / 刻痕,笔刷区域 / 细节,让局部膨胀、夹紧，或刻出锐利褶皱/沟槽。,眼睑、嘴唇、皱纹、发槽、布褶、有机锐利细节。,也算是直觉型操作,无,Low,High,Preserve,Drag,None,依赖局部空间位置、方向或连续操作，优先保留人的空间控制。 AI可用性原始标记=无；本结果仅为draft coding。
Blender,遮罩笔刷 / 面集,遮罩 / 隐藏 / 保护区域 / 权重绘制,区域选择 / 表面,保护、隔离、隐藏、抽取或限制某些区域受影响。,隔离脸部局部、保护形体、抽取衣服或面板。,,,Low,High,Preserve,Drag,None,依赖局部空间位置、方向或连续操作，优先保留人的空间控制。 AI可用性原始标记=未知；本结果仅为draft coding。
Maya,绘制选择,遮罩 / 隐藏 / 保护区域 / 权重绘制,区域选择 / 表面,保护、隔离、隐藏、抽取或限制某些区域受影响。,隔离脸部局部、保护形体、抽取衣服或面板。,,,Low,High,Preserve,Drag,None,依赖局部空间位置、方向或连续操作，优先保留人的空间控制。 AI可用性原始标记=未知；本结果仅为draft coding。
ZBrush,MaskPen/PolyGroups,遮罩 / 隐藏 / 保护区域 / 权重绘制,区域选择 / 表面,保护、隔离、隐藏、抽取或限制某些区域受影响。,隔离脸部局部、保护形体、抽取衣服或面板。,,,Low,High,Preserve,Drag,None,依赖局部空间位置、方向或连续操作，优先保留人的空间控制。 AI可用性原始标记=未知；本结果仅为draft coding。
Nomad Sculpt,遮罩 / 隐藏 / 分离,遮罩 / 隐藏 / 保护区域 / 权重绘制,区域选择 / 表面,保护、隔离、隐藏、抽取或限制某些区域受影响。,隔离脸部局部、保护形体、抽取衣服或面板。,,,Low,High,Preserve,Drag,None,依赖局部空间位置、方向或连续操作，优先保留人的空间控制。 AI可用性原始标记=未知；本结果仅为draft coding。
Cinema 4D,冻结遮罩,遮罩 / 隐藏 / 保护区域 / 权重绘制,区域选择 / 表面,保护、隔离、隐藏、抽取或限制某些区域受影响。,隔离脸部局部、保护形体、抽取衣服或面板。,,,Low,High,Preserve,Drag,None,依赖局部空间位置、方向或连续操作，优先保留人的空间控制。 AI可用性原始标记=未知；本结果仅为draft coding。
Houdini,Group/Paint/Visibility,遮罩 / 隐藏 / 保护区域 / 权重绘制,区域选择 / 表面,保护、隔离、隐藏、抽取或限制某些区域受影响。,隔离脸部局部、保护形体、抽取衣服或面板。,,,Low,High,Preserve,Drag,None,依赖局部空间位置、方向或连续操作，优先保留人的空间控制。 AI可用性原始标记=未知；本结果仅为draft coding。
